-100*"Table"	1.906911409362378*^29*"Table"
-99*"Table"	4.811881212127898*^28*"Table"
-98*"Table"	-1.0573153204252364*^28*"Table"
-97*"Table"	-1.9786214798786657*^28*"Table"
-96*"Table"	-1.231371954968348*^28*"Table"
-95*"Table"	-4.419313111303396*^27*"Table"
-94*"Table"	-3.053544030327735*^26*"Table"
-93*"Table"	8.55768541178963*^26*"Table"
-92*"Table"	7.200938049147804*^26*"Table"
-91*"Table"	3.3248744542276744*^26*"Table"
-90*"Table"	7.364393651523733*^25*"Table"
-89*"Table"	-2.6217585678516105*^25*"Table"
-88*"Table"	-3.78736642481285*^25*"Table"
-87*"Table"	-2.2109937732124887*^25*"Table"
-86*"Table"	-7.357674941562039*^24*"Table"
-85*"Table"	-1.1015459111357475*^23*"Table"
-84*"Table"	1.7269146809949225*^24*"Table"
-83*"Table"	1.3295579561987272*^24*"Table"
-82*"Table"	5.778964825314353*^23*"Table"
-81*"Table"	1.0870656005294635*^23*"Table"
-80*"Table"	-6.023968476830491*^22*"Table"
-79*"Table"	-7.220864532195643*^22*"Table"
-78*"Table"	-3.964899067069146*^22*"Table"
-77*"Table"	-1.2135355069375963*^22*"Table"
-76*"Table"	6.080138135180752*^20*"Table"
-75*"Table"	3.44834075060095*^21*"Table"
-74*"Table"	2.452848782273973*^21*"Table"
-73*"Table"	1.0016878514672283*^21*"Table"
-72*"Table"	1.5159551105298642*^20*"Table"
-71*"Table"	-1.3249189486236264*^20*"Table"
-70*"Table"	-1.3741671637687955*^20*"Table"
-69*"Table"	-7.1090546275114705*^19*"Table"
-68*"Table"	-1.979027795019944*^19*"Table"
-67*"Table"	2.592805639564068*^18*"Table"
-66*"Table"	6.842416487000965*^18*"Table"
-65*"Table"	4.5291190535652644*^18*"Table"
-64*"Table"	1.7325717652304292*^18*"Table"
-63*"Table"	1.906965009522041*^17*"Table"
-62*"Table"	-2.83861422199174*^17*"Table"
-61*"Table"	-2.616681846877964*^17*"Table"
-60*"Table"	-1.2764727074061384*^17*"Table"
-59*"Table"	-3.181744510524375*^16*"Table"
-58*"Table"	7.506770743853848*^15*"Table"
-57*"Table"	1.354735844357166*^16*"Table"
-56*"Table"	8.389429438141264*^15*"Table"
-55*"Table"	2.993420734623186*^15*"Table"
-54*"Table"	1.8771737697727712*^14*"Table"
-53*"Table"	-5.993456776040246*^14*"Table"
-52*"Table"	-5.001446762346871*^14*"Table"
-51*"Table"	-2.300710421384395*^14*"Table"
-50*"Table"	-5.019264625446192*^13*"Table"
-49*"Table"	1.905638230627128*^13*"Table"
-48*"Table"	2.6890056764245914*^13*"Table"
-47*"Table"	1.5642247623056516*^13*"Table"
-46*"Table"	5.1753656434947*^12*"Table"
-45*"Table"	3.608671210215234*^10*"Table"
-44*"Table"	-1.2592511076461963*^12*"Table"
-43*"Table"	-9.639651908826339*^11*"Table"
-42*"Table"	-4.178685995565503*^11*"Table"
-41*"Table"	-7.704979755776195*^10*"Table"
-40*"Table"	4.562813028564169*^10*"Table"
-39*"Table"	5.385236073598605*^10*"Table"
-38*"Table"	2.951909740346501*^10*"Table"
-37*"Table"	8.984635129651943*^9*"Table"
-36*"Table"	-5.454061056870332*^8*"Table"
-35*"Table"	-2.6608730553930984*^9*"Table"
-34*"Table"	-1.8875585002407968*^9*"Table"
-33*"Table"	-7.700902396541173*^8*"Table"
-32*"Table"	-1.13200912722051*^8*"Table"
-31*"Table"	1.0697485405001926*^8*"Table"
-30*"Table"	1.0995571318250638*^8*"Table"
-29*"Table"	5.695037868306652*^7*"Table"
-28*"Table"	1.5776182065320354*^7*"Table"
-27*"Table"	-2.3078367382081607*^6*"Table"
-26*"Table"	-5.744444080346798*^6*"Table"
-25*"Table"	-3.808789911444038*^6*"Table"
-24*"Table"	-1.4604001774254201*^6*"Table"
-23*"Table"	-152736.94500702858*"Table"
-22*"Table"	253881.0300549353*"Table"
-21*"Table"	233697.76938210614*"Table"
-20*"Table"	114775.19736006626*"Table"
-19*"Table"	28527.315438177717*"Table"
-18*"Table"	-7454.337021846395*"Table"
-17*"Table"	-13087.268169819337*"Table"
-16*"Table"	-8190.710020205615*"Table"
-15*"Table"	-2952.707887344147*"Table"
-14*"Table"	-160.93768965248148*"Table"
-13*"Table"	646.6356491651405*"Table"
-12*"Table"	546.948552454247*"Table"
-11*"Table"	257.2052073505191*"Table"
-10*"Table"	56.37045855390657*"Table"
-9*"Table"	-24.712783168678325*"Table"
-8*"Table"	-35.01672516488152*"Table"
-7*"Table"	-21.239402579572197*"Table"
-6*"Table"	-7.334746540847962*"Table"
-5*"Table"	0.11603438155020183*"Table"
-4*"Table"	2.2926903226993005*"Table"
-3*"Table"	1.937586785266043*"Table"
-2*"Table"	0.9722916273066612*"Table"
-"Table"	0.24956604003665972*"Table"
0	0.
Table	0.24956604003665972*"Table"
2*"Table"	0.9722916273066612*"Table"
3*"Table"	1.937586785266043*"Table"
4*"Table"	2.2926903226993005*"Table"
5*"Table"	0.11603438155020183*"Table"
6*"Table"	-7.334746540847962*"Table"
7*"Table"	-21.239402579572197*"Table"
8*"Table"	-35.01672516488152*"Table"
9*"Table"	-24.712783168678325*"Table"
10*"Table"	56.37045855390657*"Table"
11*"Table"	257.2052073505191*"Table"
12*"Table"	546.948552454247*"Table"
13*"Table"	646.6356491651405*"Table"
14*"Table"	-160.93768965248148*"Table"
15*"Table"	-2952.707887344147*"Table"
16*"Table"	-8190.710020205615*"Table"
17*"Table"	-13087.268169819337*"Table"
18*"Table"	-7454.337021846395*"Table"
19*"Table"	28527.315438177717*"Table"
20*"Table"	114775.19736006626*"Table"
21*"Table"	233697.76938210614*"Table"
22*"Table"	253881.0300549353*"Table"
23*"Table"	-152736.94500702858*"Table"
24*"Table"	-1.4604001774254201*^6*"Table"
25*"Table"	-3.808789911444038*^6*"Table"
26*"Table"	-5.744444080346798*^6*"Table"
27*"Table"	-2.3078367382081607*^6*"Table"
28*"Table"	1.5776182065320354*^7*"Table"
29*"Table"	5.695037868306652*^7*"Table"
30*"Table"	1.0995571318250638*^8*"Table"
31*"Table"	1.0697485405001926*^8*"Table"
32*"Table"	-1.13200912722051*^8*"Table"
33*"Table"	-7.700902396541173*^8*"Table"
34*"Table"	-1.8875585002407968*^9*"Table"
35*"Table"	-2.6608730553930984*^9*"Table"
36*"Table"	-5.454061056870332*^8*"Table"
37*"Table"	8.984635129651943*^9*"Table"
38*"Table"	2.951909740346501*^10*"Table"
39*"Table"	5.385236073598605*^10*"Table"
40*"Table"	4.562813028564169*^10*"Table"
41*"Table"	-7.704979755776195*^10*"Table"
42*"Table"	-4.178685995565503*^11*"Table"
43*"Table"	-9.639651908826339*^11*"Table"
44*"Table"	-1.2592511076461963*^12*"Table"
45*"Table"	3.608671210215234*^10*"Table"
46*"Table"	5.1753656434947*^12*"Table"
47*"Table"	1.5642247623056516*^13*"Table"
48*"Table"	2.6890056764245914*^13*"Table"
49*"Table"	1.905638230627128*^13*"Table"
50*"Table"	-5.019264625446192*^13*"Table"
51*"Table"	-2.300710421384395*^14*"Table"
52*"Table"	-5.001446762346871*^14*"Table"
53*"Table"	-5.993456776040246*^14*"Table"
54*"Table"	1.8771737697727712*^14*"Table"
55*"Table"	2.993420734623186*^15*"Table"
56*"Table"	8.389429438141264*^15*"Table"
57*"Table"	1.354735844357166*^16*"Table"
58*"Table"	7.506770743853848*^15*"Table"
59*"Table"	-3.181744510524375*^16*"Table"
60*"Table"	-1.2764727074061384*^17*"Table"
61*"Table"	-2.616681846877964*^17*"Table"
62*"Table"	-2.83861422199174*^17*"Table"
63*"Table"	1.906965009522041*^17*"Table"
64*"Table"	1.7325717652304292*^18*"Table"
65*"Table"	4.5291190535652644*^18*"Table"
66*"Table"	6.842416487000965*^18*"Table"
67*"Table"	2.592805639564068*^18*"Table"
68*"Table"	-1.979027795019944*^19*"Table"
69*"Table"	-7.1090546275114705*^19*"Table"
70*"Table"	-1.3741671637687955*^20*"Table"
71*"Table"	-1.3249189486236264*^20*"Table"
72*"Table"	1.5159551105298642*^20*"Table"
73*"Table"	1.0016878514672283*^21*"Table"
74*"Table"	2.452848782273973*^21*"Table"
75*"Table"	3.44834075060095*^21*"Table"
76*"Table"	6.080138135180752*^20*"Table"
77*"Table"	-1.2135355069375963*^22*"Table"
78*"Table"	-3.964899067069146*^22*"Table"
79*"Table"	-7.220864532195643*^22*"Table"
80*"Table"	-6.023968476830491*^22*"Table"
81*"Table"	1.0870656005294635*^23*"Table"
82*"Table"	5.778964825314353*^23*"Table"
83*"Table"	1.3295579561987272*^24*"Table"
84*"Table"	1.7269146809949225*^24*"Table"
85*"Table"	-1.1015459111357475*^23*"Table"
86*"Table"	-7.357674941562039*^24*"Table"
87*"Table"	-2.2109937732124887*^25*"Table"
88*"Table"	-3.78736642481285*^25*"Table"
89*"Table"	-2.6217585678516105*^25*"Table"
90*"Table"	7.364393651523733*^25*"Table"
91*"Table"	3.3248744542276744*^26*"Table"
92*"Table"	7.200938049147804*^26*"Table"
93*"Table"	8.55768541178963*^26*"Table"
94*"Table"	-3.053544030327735*^26*"Table"
95*"Table"	-4.419313111303396*^27*"Table"
96*"Table"	-1.231371954968348*^28*"Table"
97*"Table"	-1.9786214798786657*^28*"Table"
98*"Table"	-1.0573153204252364*^28*"Table"
99*"Table"	4.811881212127898*^28*"Table"
100*"Table"	1.906911409362378*^29*"Table"
101*"Table"	3.891596435577085*^29*"Table"
102*"Table"	4.175266724513425*^29*"Table"
103*"Table"	-3.0381426920549053*^29*"Table"
104*"Table"	-2.633120144765992*^30*"Table"
105*"Table"	-6.843256846572703*^30*"Table"
106*"Table"	-1.027479803391642*^31*"Table"
107*"Table"	-3.6525224664874636*^30*"Table"
108*"Table"	3.065805859850674*^31*"Table"
109*"Table"	1.0899011538629395*^32*"Table"
110*"Table"	2.0960917767326156*^32*"Table"
111*"Table"	1.992105445176731*^32*"Table"
112*"Table"	-2.4287585442109942*^32*"Table"
113*"Table"	-1.5577391961436426*^33*"Table"
114*"Table"	-3.7922721297180196*^33*"Table"
115*"Table"	-5.29190445870469*^33*"Table"
116*"Table"	-7.847927335363147*^32*"Table"
117*"Table"	1.917010509095742*^34*"Table"
118*"Table"	6.206417175142329*^34*"Table"
119*"Table"	1.1239583242116547*^35*"Table"
120*"Table"	9.200088423774187*^34*"Table"
121*"Table"	-1.7594223735853208*^35*"Table"
122*"Table"	-9.156270054624239*^35*"Table"
123*"Table"	-2.094233176193819*^36*"Table"
124*"Table"	-2.696216897764219*^36*"Table"
125*"Table"	2.638320821491403*^35*"Table"
126*"Table"	1.181206245977887*^37*"Table"
127*"Table"	3.5204491980885393*^37*"Table"
128*"Table"	5.993067098795295*^37*"Table"
129*"Table"	4.0413837641209217*^37*"Table"
130*"Table"	-1.204598977617331*^38*"Table"
131*"Table"	-5.349979583448402*^38*"Table"
132*"Table"	-1.1518021047952373*^39*"Table"
133*"Table"	-1.3544818766386239*^39*"Table"
134*"Table"	5.4091553473530185*^38*"Table"
135*"Table"	7.191676260697082*^39*"Table"
136*"Table"	1.9886802554059874*^40*"Table"
137*"Table"	3.173653099436245*^40*"Table"
138*"Table"	1.6306989819038741*^40*"Table"
139*"Table"	-7.949188600562078*^40*"Table"
140*"Table"	-3.108454359364297*^41*"Table"
141*"Table"	-6.30509340550584*^41*"Table"
142*"Table"	-6.679066012457205*^41*"Table"
143*"Table"	5.2280958501824796*^41*"Table"
144*"Table"	4.3346797154703147*^42*"Table"
145*"Table"	1.1185143701705753*^43*"Table"
146*"Table"	1.6666402206738838*^43*"Table"
147*"Table"	5.5262592310377525*^42*"Table"
148*"Table"	-5.110407696141231*^43*"Table"
149*"Table"	-1.796377494727618*^44*"Table"
150*"Table"	-3.4330393890016584*^44*"Table"
151*"Table"	-3.211569922314285*^44*"Table"
152*"Table"	4.156730463429009*^44*"Table"
153*"Table"	2.5899438403208213*^45*"Table"
154*"Table"	6.26203477573306*^45*"Table"
155*"Table"	8.663823822641544*^45*"Table"
156*"Table"	1.0394319157566622*^45*"Table"
157*"Table"	-3.221342781146392*^46*"Table"
158*"Table"	-1.0327016184094252*^47*"Table"
159*"Table"	-1.8578689408870146*^47*"Table"
160*"Table"	-1.4900929615180485*^47*"Table"
161*"Table"	3.013496109961792*^47*"Table"
162*"Table"	1.5355146310434273*^48*"Table"
163*"Table"	3.4886408404180086*^48*"Table"
164*"Table"	4.447816192375695*^48*"Table"
165*"Table"	-5.881856686092957*^47*"Table"
166*"Table"	-1.999263953168834*^49*"Table"
167*"Table"	-5.906180120231039*^49*"Table"
168*"Table"	-9.984327754236588*^49*"Table"
169*"Table"	-6.548266068004889*^49*"Table"
170*"Table"	2.0692024743638373*^50*"Table"
171*"Table"	9.039785992306288*^50*"Table"
172*"Table"	1.9333452930592217*^51*"Table"
173*"Table"	2.2479073221161063*^51*"Table"
174*"Table"	-9.945048445037529*^50*"Table"
175*"Table"	-1.225115425517093*^52*"Table"
176*"Table"	-3.3604216329349103*^52*"Table"
177*"Table"	-5.322626581414112*^52*"Table"
178*"Table"	-2.622965489900824*^52*"Table"
179*"Table"	1.3704678923074912*^53*"Table"
180*"Table"	5.287246258564755*^53*"Table"
181*"Table"	1.0653422554976607*^54*"Table"
182*"Table"	1.1133876627228131*^54*"Table"
183*"Table"	-9.340119737227683*^53*"Table"
184*"Table"	-7.427047011177343*^54*"Table"
185*"Table"	-1.9019907913445156*^55*"Table"
186*"Table"	-2.810958242466996*^55*"Table"
187*"Table"	-8.636026192888736*^54*"Table"
188*"Table"	8.84444123312567*^55*"Table"
189*"Table"	3.0734817344835415*^56*"Table"
190*"Table"	5.834035970025915*^56*"Table"
191*"Table"	5.367759109535697*^56*"Table"
192*"Table"	-7.361957004554744*^56*"Table"
193*"Table"	-4.4607407997945604*^57*"Table"
194*"Table"	-1.0707653828282933*^58*"Table"
195*"Table"	-1.4680840168767722*^58*"Table"
196*"Table"	-1.3381002950493385*^57*"Table"
197*"Table"	5.596255151748253*^58*"Table"
198*"Table"	1.7761220206272153*^59*"Table"
199*"Table"	3.173000492697003*^59*"Table"
200*"Table"	2.491152163279957*^59*"Table"
201*"Table"	-5.32332525971684*^59*"Table"
202*"Table"	-2.6570766521314806*^60*"Table"
203*"Table"	-5.994664908063542*^60*"Table"
204*"Table"	-7.565003582852809*^60*"Table"
205*"Table"	1.2655322502176792*^60*"Table"
206*"Table"	3.485825909708533*^61*"Table"
207*"Table"	1.0205275475046807*^62*"Table"
208*"Table"	1.7125505266952758*^62*"Table"
209*"Table"	1.0908336508131096*^62*"Table"
210*"Table"	-3.6546949901076904*^62*"Table"
211*"Table"	-1.570883979122987*^63*"Table"
212*"Table"	-3.336567004195691*^63*"Table"
213*"Table"	-3.833836014009573*^63*"Table"
214*"Table"	1.8649944373122238*^63*"Table"
215*"Table"	2.1433671118379405*^64*"Table"
216*"Table"	5.830661494075597*^64*"Table"
217*"Table"	9.163177302744514*^64*"Table"
218*"Table"	4.31914109219982*^64*"Table"
219*"Table"	-2.4229242937616605*^65*"Table"
220*"Table"	-9.223081517459557*^65*"Table"
221*"Table"	-1.8456088210389735*^66*"Table"
222*"Table"	-1.9019583577823585*^66*"Table"
223*"Table"	1.7053694981585*^66*"Table"
224*"Table"	1.3035324390817293*^67*"Table"
225*"Table"	3.312448084476402*^67*"Table"
226*"Table"	4.8540690240404274*^67*"Table"
227*"Table"	1.3708416305486344*^67*"Table"
228*"Table"	-1.5660162451201072*^68*"Table"
229*"Table"	-5.379987520641541*^68*"Table"
230*"Table"	-1.014092712532567*^69*"Table"
231*"Table"	-9.170835615317357*^68*"Table"
232*"Table"	1.3312600248481276*^69*"Table"
233*"Table"	7.852368188279095*^69*"Table"
234*"Table"	1.8710353161012015*^70*"Table"
235*"Table"	2.5413638061481317*^70*"Table"
236*"Table"	1.5689515316934166*^69*"Table"
237*"Table"	-9.926233801765373*^70*"Table"
238*"Table"	-3.118796066965863*^71*"Table"
239*"Table"	-5.531569540432343*^71*"Table"
240*"Table"	-4.2474406563155717*^71*"Table"
241*"Table"	9.587346926550606*^71*"Table"
242*"Table"	4.6901919339706985*^72*"Table"
243*"Table"	1.0506198142386221*^73*"Table"
244*"Table"	1.3119049972835668*^73*"Table"
245*"Table"	-2.6649382281423155*^72*"Table"
246*"Table"	-6.194317222792784*^73*"Table"
247*"Table"	-1.7971118838470705*^74*"Table"
248*"Table"	-2.9930272240255634*^74*"Table"
249*"Table"	-1.8488984529823779*^74*"Table"
250*"Table"	6.571623660714683*^74*"Table"
251*"Table"	2.7799231955703886*^75*"Table"
252*"Table"	5.8631578549401744*^75*"Table"
253*"Table"	6.655360734486891*^75*"Table"
254*"Table"	-3.538612245296507*^75*"Table"
255*"Table"	-3.815819383363061*^76*"Table"
256*"Table"	-1.0294091354506794*^77*"Table"
257*"Table"	-1.6048080615055754*^77*"Table"
258*"Table"	-7.214149775828296*^76*"Table"
259*"Table"	4.355081572405045*^77*"Table"
260*"Table"	1.635991547847463*^78*"Table"
261*"Table"	3.2507922093730887*^78*"Table"
262*"Table"	3.301890119663214*^78*"Table"
263*"Table"	-3.1576222738667725*^78*"Table"
264*"Table"	-2.3248685612959614*^79*"Table"
265*"Table"	-5.861807830301861*^79*"Table"
266*"Table"	-8.515438175935995*^79*"Table"
267*"Table"	-2.189454601733168*^79*"Table"
268*"Table"	2.815604677832848*^80*"Table"
269*"Table"	9.563603645303088*^80*"Table"
270*"Table"	1.7898525146533936*^81*"Table"
271*"Table"	1.5900135887140237*^81*"Table"
272*"Table"	-2.440842008255403*^81*"Table"
273*"Table"	-1.4029183164773587*^82*"Table"
274*"Table"	-3.317999495132319*^82*"Table"
275*"Table"	-4.463643185623965*^82*"Table"
276*"Table"	-1.414757284967146*^81*"Table"
277*"Table"	1.785815406471508*^83*"Table"
278*"Table"	5.55502438901797*^83*"Table"
279*"Table"	9.780301295632752*^83*"Table"
280*"Table"	7.338406149470899*^83*"Table"
281*"Table"	-1.749602746471217*^84*"Table"
282*"Table"	-8.393451827312648*^84*"Table"
283*"Table"	-1.866622600803855*^85*"Table"
284*"Table"	-2.3057482300518334*^85*"Table"
285*"Table"	5.53083657855508*^84*"Table"
286*"Table"	1.1153450850231784*^86*"Table"
287*"Table"	3.2067129039353365*^86*"Table"
288*"Table"	5.29969801009835*^86*"Table"
289*"Table"	3.1702242679063904*^86*"Table"
290*"Table"	-1.1964422932290144*^87*"Table"
291*"Table"	-4.982650372749874*^87*"Table"
292*"Table"	-1.043439674134398*^88*"Table"
293*"Table"	-1.1697034138379653*^88*"Table"
294*"Table"	6.763971344793218*^87*"Table"
295*"Table"	6.877217786325249*^88*"Table"
296*"Table"	1.8398797989356085*^89*"Table"
297*"Table"	2.844890933375188*^89*"Table"
298*"Table"	1.2156857189589455*^89*"Table"
299*"Table"	-7.919961826495374*^89*"Table"
300*"Table"	-2.9365929560917307*^90*"Table"
301*"Table"	-5.793747798471491*^90*"Table"
302*"Table"	-5.797843543718329*^90*"Table"
303*"Table"	5.902901888643644*^90*"Table"
304*"Table"	4.194230064124281*^91*"Table"
305*"Table"	1.0492583805912583*^92*"Table"
306*"Table"	1.5107878689412613*^92*"Table"
307*"Table"	3.494820221976982*^91*"Table"
308*"Table"	-5.118073824242017*^92*"Table"
309*"Table"	-1.71900002948726*^93*"Table"
310*"Table"	-3.1939746810392783*^93*"Table"
311*"Table"	-2.7855886217046235*^93*"Table"
312*"Table"	4.519215125837014*^93*"Table"
313*"Table"	2.533485950285718*^94*"Table"
314*"Table"	5.9471818330735465*^94*"Table"
315*"Table"	7.922612164447558*^94*"Table"
316*"Table"	7.77515144801433*^91*"Table"
317*"Table"	-3.2460728272262666*^95*"Table"
318*"Table"	-9.9974224472728*^95*"Table"
319*"Table"	-1.7470945307747675*^96*"Table"
320*"Table"	-1.2798168046875424*^96*"Table"
321*"Table"	3.223355768689842*^96*"Table"
322*"Table"	1.5172310394158767*^97*"Table"
323*"Table"	3.349737055283623*^97*"Table"
324*"Table"	4.0922557228363725*^97*"Table"
325*"Table"	-1.135873806688169*^97*"Table"
326*"Table"	-2.027807421416987*^98*"Table"
327*"Table"	-5.777844293519569*^98*"Table"
328*"Table"	-9.474687923697314*^98*"Table"
329*"Table"	-5.479533733310501*^98*"Table"
330*"Table"	2.198168576072066*^99*"Table"
331*"Table"	9.015340309001*^99*"Table"
332*"Table"	1.874457739923958*^100*"Table"
333*"Table"	2.0745448694665133*^100*"Table"
334*"Table"	-1.2992465117390738*^100*"Table"
335*"Table"	-1.2508129994727848*^101*"Table"
336*"Table"	-3.3185970751914914*^101*"Table"
337*"Table"	-5.088828036413276*^101*"Table"
338*"Table"	-2.0595480440950577*^101*"Table"
339*"Table"	1.4528054583836653*^102*"Table"
340*"Table"	5.318102829525737*^102*"Table"
341*"Table"	1.0417296113638105*^103*"Table"
342*"Table"	1.0266451301919682*^103*"Table"
343*"Table"	-1.111107165079842*^103*"Table"
344*"Table"	-7.631911011362397*^103*"Table"
345*"Table"	-1.8943574966429608*^104*"Table"
346*"Table"	-2.7031198513071688*^104*"Table"
347*"Table"	-5.541847849477098*^103*"Table"
348*"Table"	9.380101310084895*^104*"Table"
349*"Table"	3.1157117712243975*^105*"Table"
350*"Table"	5.747030266629567*^105*"Table"
351*"Table"	4.917864783316777*^105*"Table"
352*"Table"	-8.427913857898714*^105*"Table"
353*"Table"	-4.6123506753493504*^106*"Table"
354*"Table"	-1.0746307169788226*^107*"Table"
355*"Table"	-1.4173716815523608*^107*"Table"
356*"Table"	4.3146699866224136*^105*"Table"
357*"Table"	5.946508977314012*^107*"Table"
358*"Table"	1.8134780856202038*^108*"Table"
359*"Table"	3.1453479998847447*^108*"Table"
360*"Table"	2.2473711080590987*^108*"Table"
361*"Table"	-5.981033563228848*^108*"Table"
362*"Table"	-2.7636774612593344*^109*"Table"
363*"Table"	-6.057310019946473*^109*"Table"
364*"Table"	-7.316981793887035*^109*"Table"
365*"Table"	2.3142292498721483*^109*"Table"
366*"Table"	3.714088076589784*^110*"Table"
367*"Table"	1.0488302935051964*^111*"Table"
368*"Table"	1.7063664330823796*^111*"Table"
369*"Table"	9.5243809562913*^110*"Table"
370*"Table"	-4.066624296406017*^111*"Table"
371*"Table"	-1.6430469023799813*^112*"Table"
372*"Table"	-3.391687575544631*^112*"Table"
373*"Table"	-3.70488466087295*^112*"Table"
374*"Table"	2.503935720520096*^112*"Table"
375*"Table"	2.2909549762546922*^113*"Table"
376*"Table"	6.028083175500982*^113*"Table"
377*"Table"	9.166039613006741*^113*"Table"
378*"Table"	3.4988150827521124*^113*"Table"
379*"Table"	-2.6827425089440156*^114*"Table"
380*"Table"	-9.697299578642524*^114*"Table"
381*"Table"	-1.885874277987822*^115*"Table"
382*"Table"	-1.8296159489531033*^115*"Table"
383*"Table"	2.1021245164186674*^115*"Table"
384*"Table"	1.3979960342613156*^116*"Table"
385*"Table"	3.4430241862296334*^116*"Table"
386*"Table"	4.8681883025357646*^116*"Table"
387*"Table"	8.673767021022534*^115*"Table"
388*"Table"	-1.7301077727916827*^117*"Table"
389*"Table"	-5.684167117463063*^117*"Table"
390*"Table"	-1.0407825781393215*^118*"Table"
391*"Table"	-8.733287256297251*^117*"Table"
392*"Table"	1.5803923720425274*^118*"Table"
393*"Table"	8.450352371603973*^118*"Table"
394*"Table"	1.9541438864108072*^119*"Table"
395*"Table"	2.5513802054519217*^119*"Table"
396*"Table"	-1.5973937507139418*^118*"Table"
397*"Table"	-1.0959957272076297*^120*"Table"
398*"Table"	-3.309959979698862*^120*"Table"
399*"Table"	-5.697416233680451*^120*"Table"
400*"Table"	-3.9666827136719795*^120*"Table"
401*"Table"	1.1159467274409223*^121*"Table"
402*"Table"	5.064518956043966*^121*"Table"
403*"Table"	1.1019429745179229*^122*"Table"
404*"Table"	1.3158811720839156*^122*"Table"
405*"Table"	-4.685557107609557*^121*"Table"
406*"Table"	-6.842310917597494*^122*"Table"
407*"Table"	-1.9151316535218866*^123*"Table"
408*"Table"	-3.090991060838457*^123*"Table"
409*"Table"	-1.6619794278982103*^123*"Table"
410*"Table"	7.564127254696614*^123*"Table"
411*"Table"	3.0116763085825128*^124*"Table"
412*"Table"	6.172149816119138*^124*"Table"
413*"Table"	6.652414717161596*^124*"Table"
414*"Table"	-4.83675434514557*^124*"Table"
415*"Table"	-4.219423871909182*^125*"Table"
416*"Table"	-1.1011202311463699*^126*"Table"
417*"Table"	-1.6600911163891148*^126*"Table"
418*"Table"	-5.948053912420878*^125*"Table"
419*"Table"	4.9800216205226646*^126*"Table"
420*"Table"	1.777946817325*^127*"Table"
421*"Table"	3.4326478007648786*^127*"Table"
422*"Table"	3.277006469020028*^127*"Table"
423*"Table"	-3.9924754803693095*^127*"Table"
424*"Table"	-2.5744472474205193*^128*"Table"
425*"Table"	-6.2912047051653744*^128*"Table"
426*"Table"	-8.81310702090933*^128*"Table"
427*"Table"	-1.328747451423527*^128*"Table"
428*"Table"	3.207298298641621*^129*"Table"
429*"Table"	1.0424160271479658*^130*"Table"
430*"Table"	1.894614251016239*^130*"Table"
431*"Table"	1.5579318805470679*^130*"Table"
432*"Table"	-2.9762864863878636*^130*"Table"
433*"Table"	-1.5560783575927253*^131*"Table"
434*"Table"	-3.571589122599962*^131*"Table"
435*"Table"	-4.615326034623664*^131*"Table"
436*"Table"	4.4103142480712444*^130*"Table"
437*"Table"	2.0298944775047283*^132*"Table"
438*"Table"	6.071492611977987*^132*"Table"
439*"Table"	1.0371057070515472*^133*"Table"
440*"Table"	7.028393691054398*^132*"Table"
441*"Table"	-2.0912832479371702*^133*"Table"
442*"Table"	-9.326045315062994*^133*"Table"
443*"Table"	-2.014395079983278*^134*"Table"
444*"Table"	-2.377456855240363*^134*"Table"
445*"Table"	9.438839489307172*^133*"Table"
446*"Table"	1.2664528763902419*^135*"Table"
447*"Table"	3.5136474744215464*^135*"Table"
448*"Table"	5.625428462167928*^135*"Table"
449*"Table"	2.90766759513871*^135*"Table"
450*"Table"	-1.4130821389624005*^136*"Table"
451*"Table"	-5.54606283223784*^136*"Table"
452*"Table"	-1.128411808625152*^137*"Table"
453*"Table"	-1.1996770837803464*^137*"Table"
454*"Table"	9.358045830249354*^136*"Table"
455*"Table"	7.80630139503943*^137*"Table"
456*"Table"	2.0205328100479838*^138*"Table"
457*"Table"	3.020055039662051*^138*"Table"
458*"Table"	1.01006082058172*^138*"Table"
459*"Table"	-9.28378433214873*^138*"Table"
460*"Table"	-3.2743086205121675*^139*"Table"
461*"Table"	-6.275751238993792*^139*"Table"
462*"Table"	-5.892875514664528*^139*"Table"
463*"Table"	7.605531179882476*^139*"Table"
464*"Table"	4.761463366465329*^140*"Table"
465*"Table"	1.1545636865496148*^141*"Table"
466*"Table"	1.6022340649212545*^141*"Table"
467*"Table"	1.967301932302248*^140*"Table"
468*"Table"	-5.970274178198407*^141*"Table"
469*"Table"	-1.9198515972376238*^142*"Table"
470*"Table"	-3.4635013194214135*^142*"Table"
471*"Table"	-2.789100122107099*^142*"Table"
472*"Table"	5.624321105488854*^142*"Table"
473*"Table"	2.877349206684321*^143*"Table"
474*"Table"	6.555051619915777*^143*"Table"
475*"Table"	8.382379470659507*^143*"Table"
476*"Table"	-1.0840599143336904*^143*"Table"
477*"Table"	-3.774587638315926*^144*"Table"
478*"Table"	-1.1182640391243751*^145*"Table"
479*"Table"	-1.895480442537762*^145*"Table"
480*"Table"	-1.2489442853359354*^145*"Table"
481*"Table"	3.9329589169254205*^145*"Table"
482*"Table"	1.7242122459281101*^146*"Table"
483*"Table"	3.6971185189857396*^146*"Table"
484*"Table"	4.31166898854131*^146*"Table"
485*"Table"	-1.8934891821333606*^146*"Table"
486*"Table"	-2.3531420613590983*^147*"Table"
487*"Table"	-6.471750467605602*^147*"Table"
488*"Table"	-1.027743820201271*^148*"Table"
489*"Table"	-5.094951608427383*^147*"Table"
490*"Table"	2.64918959351522*^148*"Table"
491*"Table"	1.0252455383175895*^149*"Table"
492*"Table"	2.0709003275450585*^149*"Table"
493*"Table"	2.171080809658438*^149*"Table"
494*"Table"	-1.8126286509913699*^149*"Table"
495*"Table"	-1.4496132458143387*^150*"Table"
496*"Table"	-3.721625546601116*^150*"Table"
497*"Table"	-5.514309022207652*^150*"Table"
498*"Table"	-1.710333465727717*^150*"Table"
499*"Table"	1.7367307056738415*^151*"Table"
500*"Table"	6.052335470746112*^151*"Table"
501*"Table"	1.1515771518076228*^152*"Table"
502*"Table"	1.063097075921023*^152*"Table"
503*"Table"	-1.452256941903407*^152*"Table"
504*"Table"	-8.838012497745686*^152*"Table"
505*"Table"	-2.1265350046430547*^153*"Table"
506*"Table"	-2.923064099095322*^153*"Table"
507*"Table"	-2.7533637782792506*^152*"Table"
508*"Table"	1.1151369443426415*^154*"Table"
509*"Table"	3.548425936786228*^154*"Table"
510*"Table"	6.35380485917264*^154*"Table"
511*"Table"	5.0072420307739357*^154*"Table"
512*"Table"	-1.0657807208133533*^155*"Table"
513*"Table"	-5.338953668751496*^155*"Table"
514*"Table"	-1.2072558765138722*^156*"Table"
515*"Table"	-1.5274534199870933*^156*"Table"
516*"Table"	2.504295987941897*^155*"Table"
517*"Table"	7.042138788923607*^156*"Table"
518*"Table"	2.066695957754639*^157*"Table"
519*"Table"	3.475959704619872*^157*"Table"
520*"Table"	2.224123527128745*^157*"Table"
521*"Table"	-7.41801431028012*^157*"Table"
522*"Table"	-3.198402354408806*^158*"Table"
523*"Table"	-6.808186335288807*^158*"Table"
524*"Table"	-7.843841637875367*^158*"Table"
525*"Table"	3.785161867672233*^158*"Table"
526*"Table"	4.386356552756876*^159*"Table"
527*"Table"	1.195950460391541*^160*"Table"
528*"Table"	1.8836915757329677*^160*"Table"
529*"Table"	8.933614251906408*^159*"Table"
530*"Table"	-4.981176442873643*^160*"Table"
531*"Table"	-1.9013798438415305*^161*"Table"
532*"Table"	-3.812793147231106*^161*"Table"
533*"Table"	-3.9404117807790136*^161*"Table"
534*"Table"	3.513802651279229*^161*"Table"
535*"Table"	2.7003036794116715*^162*"Table"
536*"Table"	6.876607899603338*^162*"Table"
537*"Table"	1.0099499535765738*^163*"Table"
538*"Table"	2.882554023400645*^162*"Table"
539*"Table"	-3.258384662865204*^163*"Table"
540*"Table"	-1.1222123029121171*^164*"Table"
541*"Table"	-2.1196198013961083*^164*"Table"
542*"Table"	-1.9228793342420948*^164*"Table"
543*"Table"	2.7782818113428166*^164*"Table"
544*"Table"	1.6454306396776278*^165*"Table"
545*"Table"	3.928721277081469*^165*"Table"
546*"Table"	5.348340278478401*^165*"Table"
547*"Table"	3.474941689451512*^164*"Table"
548*"Table"	-2.0888270333781392*^166*"Table"
549*"Table"	-6.578171870018356*^166*"Table"
550*"Table"	-1.1690597306378361*^167*"Table"
551*"Table"	-9.009360352286879*^166*"Table"
552*"Table"	2.0241918422098992*^167*"Table"
553*"Table"	9.935471185092145*^167*"Table"
554*"Table"	2.229963853744434*^168*"Table"
555*"Table"	2.7910623278039587*^168*"Table"
556*"Table"	-5.567564574394475*^167*"Table"
557*"Table"	-1.3175044134887296*^169*"Table"
558*"Table"	-3.830582552506359*^169*"Table"
559*"Table"	-6.392374583634443*^169*"Table"
560*"Table"	-3.966743958888528*^169*"Table"
561*"Table"	1.4025070061345767*^170*"Table"
562*"Table"	5.949811180643542*^170*"Table"
563*"Table"	1.2572678135008261*^171*"Table"
564*"Table"	1.4306680499089718*^171*"Table"
565*"Table"	-7.544119705232519*^170*"Table"
566*"Table"	-8.198629718410417*^171*"Table"
567*"Table"	-2.2162411550021826*^172*"Table"
568*"Table"	-3.461902829523552*^172*"Table"
569*"Table"	-1.56625773026837*^172*"Table"
570*"Table"	9.388991465522417*^172*"Table"
571*"Table"	3.5358821109106815*^173*"Table"
572*"Table"	7.038986332657587*^173*"Table"
573*"Table"	7.16879527574616*^173*"Table"
574*"Table"	-6.815281755601673*^173*"Table"
575*"Table"	-5.043388173565058*^174*"Table"
576*"Table"	-1.2740494434077107*^175*"Table"
577*"Table"	-1.8545402831833017*^175*"Table"
578*"Table"	-4.825365506204042*^174*"Table"
579*"Table"	6.128273644624693*^175*"Table"
580*"Table"	2.0862982379668287*^176*"Table"
581*"Table"	3.911663119728136*^176*"Table"
582*"Table"	3.4854225083222696*^176*"Table"
583*"Table"	-5.323155553355425*^176*"Table"
584*"Table"	-3.0712928316447333*^177*"Table"
585*"Table"	-7.277125449517264*^177*"Table"
586*"Table"	-9.810087914301022*^177*"Table"
587*"Table"	-3.4425118220176917*^176*"Table"
588*"Table"	3.922197088135238*^178*"Table"
589*"Table"	1.222606568304542*^179*"Table"
590*"Table"	2.1564262519154906*^179*"Table"
591*"Table"	1.623830193818006*^179*"Table"
592*"Table"	-3.851705486352996*^179*"Table"
593*"Table"	-1.853552707997981*^180*"Table"
594*"Table"	-4.129401675412766*^180*"Table"
595*"Table"	-5.111937757852443*^180*"Table"
596*"Table"	1.2061492977353302*^180*"Table"
597*"Table"	2.4707736259247244*^181*"Table"
598*"Table"	7.117525563136009*^181*"Table"
599*"Table"	1.1784241587534543*^182*"Table"
600*"Table"	7.081754936452944*^181*"Table"
601*"Table"	-2.657078111393273*^182*"Table"
602*"Table"	-1.1094950291518925*^183*"Table"
603*"Table"	-2.32743175160944*^183*"Table"
604*"Table"	-2.6151501899533573*^183*"Table"
605*"Table"	1.499730299478168*^183*"Table"
606*"Table"	1.5359936435013313*^184*"Table"
607*"Table"	4.11682036449138*^184*"Table"
608*"Table"	6.377176203825823*^184*"Table"
609*"Table"	2.7436323153019607*^184*"Table"
610*"Table"	-1.7734201813291864*^185*"Table"
611*"Table"	-6.590939663502413*^185*"Table"
612*"Table"	-1.3025448328990756*^186*"Table"
613*"Table"	-1.306822132750743*^186*"Table"
614*"Table"	1.322359680882529*^186*"Table"
615*"Table"	9.44101442446101*^186*"Table"
616*"Table"	2.3659500088033975*^187*"Table"
617*"Table"	3.41300092010073*^187*"Table"
618*"Table"	8.002593051684814*^186*"Table"
619*"Table"	-1.1550037181966517*^188*"Table"
620*"Table"	-3.887476210804823*^188*"Table"
621*"Table"	-7.235093057379619*^188*"Table"
622*"Table"	-6.328672248343051*^188*"Table"
623*"Table"	1.0211709258237162*^189*"Table"
624*"Table"	5.745451796031991*^189*"Table"
625*"Table"	1.3509613403733117*^190*"Table"
626*"Table"	1.803196362810988*^190*"Table"
627*"Table"	8.15672506274501*^187*"Table"
628*"Table"	-7.380041793655681*^190*"Table"
629*"Table"	-2.2773423456259438*^191*"Table"
630*"Table"	-3.986350809594552*^191*"Table"
631*"Table"	-2.930649419612795*^191*"Table"
632*"Table"	7.340720582218651*^191*"Table"
633*"Table"	3.4654311713360504*^192*"Table"
634*"Table"	7.66335329656101*^192*"Table"
635*"Table"	9.381349644142334*^192*"Table"
636*"Table"	-2.56491988119591*^192*"Table"
637*"Table"	-4.643049644469465*^193*"Table"
638*"Table"	-1.325330566319838*^194*"Table"
639*"Table"	-2.1769460439422042*^194*"Table"
640*"Table"	-1.2649681550682428*^194*"Table"
641*"Table"	5.0425692188198774*^194*"Table"
642*"Table"	2.0732802588697482*^195*"Table"
643*"Table"	4.3175482360386256*^195*"Table"
644*"Table"	4.789128584138785*^195*"Table"
645*"Table"	-2.974688306743519*^195*"Table"
646*"Table"	-2.8834379405696098*^196*"Table"
647*"Table"	-7.663186856230773*^196*"Table"
648*"Table"	-1.177094521606545*^197*"Table"
649*"Table"	-4.7984032273130445*^196*"Table"
650*"Table"	3.3556706948843524*^197*"Table"
651*"Table"	1.231068564336483*^198*"Table"
652*"Table"	2.4152132286157757*^198*"Table"
653*"Table"	2.3862194991571676*^198*"Table"
654*"Table"	-2.5663522134812026*^198*"Table"
655*"Table"	-1.770800071399792*^199*"Table"
656*"Table"	-4.402503969656019*^199*"Table"
657*"Table"	-6.293132717270144*^199*"Table"
658*"Table"	-1.3104912362208888*^199*"Table"
659*"Table"	2.180778231047588*^200*"Table"
660*"Table"	7.258045708670794*^200*"Table"
661*"Table"	1.3408383297767125*^201*"Table"
662*"Table"	1.1507519530362273*^201*"Table"
663*"Table"	-1.9609504431121733*^201*"Table"
664*"Table"	-1.0768673312714615*^202*"Table"
665*"Table"	-2.5128919181535266*^202*"Table"
666*"Table"	-3.3204823611184633*^202*"Table"
667*"Table"	8.88629950349151*^200*"Table"
668*"Table"	1.3911332423412687*^203*"Table"
669*"Table"	4.250169177133804*^203*"Table"
670*"Table"	7.383041484847155*^203*"Table"
671*"Table"	5.294373921051745*^203*"Table"
672*"Table"	-1.400881639997531*^204*"Table"
673*"Table"	-6.491193663343546*^204*"Table"
674*"Table"	-1.4248587276541286*^205*"Table"
675*"Table"	-1.7245867281378045*^205*"Table"
676*"Table"	5.379045878805845*^204*"Table"
677*"Table"	8.740693174974062*^205*"Table"
678*"Table"	2.4724746639622612*^206*"Table"
679*"Table"	4.0288516962063*^206*"Table"
680*"Table"	2.259798735535474*^206*"Table"
681*"Table"	-9.583835827620885*^206*"Table"
682*"Table"	-3.881372222680628*^207*"Table"
683*"Table"	-8.024028207118816*^207*"Table"
684*"Table"	-8.784116871435403*^207*"Table"
685*"Table"	5.88857835553868*^207*"Table"
686*"Table"	5.422407163017324*^208*"Table"
687*"Table"	1.4290452321431143*^209*"Table"
688*"Table"	2.1764531254326004*^209*"Table"
689*"Table"	8.372312472505173*^208*"Table"
690*"Table"	-6.359389453609624*^209*"Table"
691*"Table"	-2.3035171641479128*^210*"Table"
692*"Table"	-4.4862886730139757*^210*"Table"
693*"Table"	-4.363242076453611*^210*"Table"
694*"Table"	4.9812678410411435*^210*"Table"
695*"Table"	3.327106826913934*^211*"Table"
696*"Table"	8.206538661381829*^211*"Table"
697*"Table"	1.1622985175988862*^212*"Table"
698*"Table"	2.1092751483121763*^211*"Table"
699*"Table"	-4.124001460555704*^212*"Table"
700*"Table"	-1.3574560056035127*^213*"Table"
701*"Table"	-2.4891525208984575*^213*"Table"
702*"Table"	-2.0948000079338483*^213*"Table"
703*"Table"	3.7687365468705864*^213*"Table"
704*"Table"	2.0217679326866522*^214*"Table"
705*"Table"	4.682180110810826*^214*"Table"
706*"Table"	6.124083512625803*^214*"Table"
707*"Table"	-3.6007808302967226*^213*"Table"
708*"Table"	-2.6263873482282328*^215*"Table"
709*"Table"	-7.945445046208157*^215*"Table"
710*"Table"	-1.3696555277860027*^216*"Table"
711*"Table"	-9.571114492463553*^215*"Table"
712*"Table"	2.6764200443622167*^216*"Table"
713*"Table"	1.2178868329053895*^217*"Table"
714*"Table"	2.6536630135450576*^217*"Table"
715*"Table"	3.1749843471944357*^217*"Table"
716*"Table"	-1.1159792805652145*^217*"Table"
717*"Table"	-1.6480247812451149*^218*"Table"
718*"Table"	-4.620126182781764*^218*"Table"
719*"Table"	-7.46799016659479*^218*"Table"
720*"Table"	-4.0359200409252524*^218*"Table"
721*"Table"	1.8238031520448398*^219*"Table"
722*"Table"	7.277986460524362*^219*"Table"
723*"Table"	1.4936415929408374*^220*"Table"
724*"Table"	1.6133199559817108*^220*"Table"
725*"Table"	-1.1636354558449367*^220*"Table"
726*"Table"	-1.021270060132061*^221*"Table"
727*"Table"	-2.669176860018978*^221*"Table"
728*"Table"	-4.0303910162020055*^221*"Table"
729*"Table"	-1.4561756687321587*^221*"Table"
730*"Table"	1.2067906670873117*^222*"Table"
731*"Table"	4.317006796894221*^222*"Table"
732*"Table"	8.3463249416919*^222*"Table"
733*"Table"	7.987534087851625*^222*"Table"
734*"Table"	-9.669127451106497*^222*"Table"
735*"Table"	-6.26066350095852*^223*"Table"
736*"Table"	-1.5321305115757651*^224*"Table"
737*"Table"	-2.1497939198861967*^224*"Table"
738*"Table"	-3.3139318107856033*^223*"Table"
739*"Table"	7.809429888483871*^224*"Table"
740*"Table"	2.5427124085615544*^225*"Table"
741*"Table"	4.627860604298647*^225*"Table"
742*"Table"	3.816729716442877*^225*"Table"
743*"Table"	-7.248080602130733*^225*"Table"
744*"Table"	-3.8014113332871806*^226*"Table"
745*"Table"	-8.737329247565559*^226*"Table"
746*"Table"	-1.1310287108321419*^227*"Table"
747*"Table"	1.0361949035333866*^226*"Table"
748*"Table"	4.965299565168085*^227*"Table"
749*"Table"	1.4875755273656928*^228*"Table"
750*"Table"	2.544589711046075*^228*"Table"
751*"Table"	1.7309757532351085*^228*"Table"
752*"Table"	-5.1182991022943727*^228*"Table"
753*"Table"	-2.2883421000531583*^229*"Table"
754*"Table"	-4.949449164712864*^229*"Table"
755*"Table"	-5.852588170748148*^229*"Table"
756*"Table"	2.2955323502075066*^229*"Table"
757*"Table"	3.1115447046417844*^230*"Table"
758*"Table"	8.645856901096217*^230*"Table"
759*"Table"	1.3862199706203819*^231*"Table"
760*"Table"	7.203354143107478*^230*"Table"
761*"Table"	-3.474513421760392*^231*"Table"
762*"Table"	-1.3666442840957474*^232*"Table"
763*"Table"	-2.7843143349397994*^232*"Table"
764*"Table"	-2.9664558390270774*^232*"Table"
765*"Table"	2.2958417600639325*^232*"Table"
766*"Table"	1.9260956581780947*^233*"Table"
767*"Table"	4.992573257651399*^233*"Table"
768*"Table"	7.473512889193146*^233*"Table"
769*"Table"	2.5223011101091885*^233*"Table"
770*"Table"	-2.2927438622713775*^234*"Table"
771*"Table"	-8.101746210673153*^234*"Table"
772*"Table"	-1.5548976644368063*^235*"Table"
773*"Table"	-1.463639754958661*^235*"Table"
774*"Table"	1.8768655642094514*^235*"Table"
775*"Table"	1.179654586943346*^236*"Table"
776*"Table"	2.8643808680091286*^236*"Table"
777*"Table"	3.9813156972935595*^236*"Table"
778*"Table"	5.0263556416023716*^235*"Table"
779*"Table"	-1.4806112774129039*^237*"Table"
780*"Table"	-4.7693531800562266*^237*"Table"
781*"Table"	-8.615639772544292*^237*"Table"
782*"Table"	-6.958844626832573*^237*"Table"
783*"Table"	1.3947521594456912*^238*"Table"
784*"Table"	7.156982660144882*^238*"Table"
785*"Table"	1.6326461944477493*^239*"Table"
786*"Table"	2.0913323758565316*^239*"Table"
787*"Table"	-2.6194455997228313*^238*"Table"
788*"Table"	-9.398500403347233*^239*"Table"
789*"Table"	-2.788795181801605*^240*"Table"
790*"Table"	-4.7334949387005306*^240*"Table"
791*"Table"	-3.1310736850071377*^240*"Table"
792*"Table"	9.796169240653855*^240*"Table"
793*"Table"	4.3052285149547995*^241*"Table"
794*"Table"	9.243452123881822*^241*"Table"
795*"Table"	1.0800152812311696*^242*"Table"
796*"Table"	-4.689041020935695*^241*"Table"
797*"Table"	-5.881859061637698*^242*"Table"
798*"Table"	-1.620037317741742*^243*"Table"
799*"Table"	-2.5762988077067353*^243*"Table"
800*"Table"	-1.2843504737866253*^243*"Table"
801*"Table"	6.625609124627531*^243*"Table"
802*"Table"	2.5695084503247726*^244*"Table"
803*"Table"	5.196842832580541*^244*"Table"
804*"Table"	5.4597957770978944*^244*"Table"
805*"Table"	-4.5232852587853096*^244*"Table"
806*"Table"	-3.636953801713625*^245*"Table"
807*"Table"	-9.350185491908308*^245*"Table"
808*"Table"	-1.3874391820051143*^246*"Table"
809*"Table"	-4.3462990753922753*^245*"Table"
810*"Table"	4.360381288999028*^246*"Table"
811*"Table"	1.5223464736981044*^247*"Table"
812*"Table"	2.900284660966733*^247*"Table"
813*"Table"	2.6840978228951892*^247*"Table"
814*"Table"	-3.642992337966516*^247*"Table"
815*"Table"	-2.2253905262298217*^248*"Table"
816*"Table"	-5.361672620506803*^248*"Table"
817*"Table"	-7.381433081448127*^248*"Table"
818*"Table"	-7.21481775493828*^247*"Table"
819*"Table"	2.810108654892749*^249*"Table"
820*"Table"	8.956721365993702*^249*"Table"
821*"Table"	1.605865979492783*^250*"Table"
822*"Table"	1.2693996661145026*^250*"Table"
823*"Table"	-2.6851942582064307*^250*"Table"
824*"Table"	-1.3490394600105797*^251*"Table"
825*"Table"	-3.0543985106959774*^251*"Table"
826*"Table"	-3.8710116505532173*^251*"Table"
827*"Table"	6.183810917939117*^250*"Table"
828*"Table"	1.7808960485105492*^252*"Table"
829*"Table"	5.234433907954582*^252*"Table"
830*"Table"	8.815395595768714*^252*"Table"
831*"Table"	5.663297971640176*^252*"Table"
832*"Table"	-1.8762750276621422*^253*"Table"
833*"Table"	-8.109101957593019*^253*"Table"
834*"Table"	-1.7282926046548622*^254*"Table"
835*"Table"	-1.9949099969490995*^254*"Table"
836*"Table"	9.523140266399359*^253*"Table"
837*"Table"	1.1130673714113944*^255*"Table"
838*"Table"	3.039103636987479*^255*"Table"
839*"Table"	4.793313250354393*^255*"Table"
840*"Table"	2.2867641225664254*^255*"Table"
841*"Table"	-1.264507430948269*^256*"Table"
842*"Table"	-4.836563784337437*^256*"Table"
843*"Table"	-9.710728873068338*^256*"Table"
844*"Table"	-1.00570759453342*^257*"Table"
845*"Table"	8.900439730814406*^256*"Table"
846*"Table"	6.874862787580756*^257*"Table"
847*"Table"	1.7531028012761297*^258*"Table"
848*"Table"	2.5784347049082298*^258*"Table"
849*"Table"	7.440521077124482*^257*"Table"
850*"Table"	-8.300157314371475*^258*"Table"
851*"Table"	-2.8637243260540898*^259*"Table"
852*"Table"	-5.4157055608836696*^259*"Table"
853*"Table"	-4.925366013509577*^259*"Table"
854*"Table"	7.070462603066956*^259*"Table"
855*"Table"	4.2026166470743505*^260*"Table"
856*"Table"	1.0047288904405541*^261*"Table"
857*"Table"	1.3698778797139173*^261*"Table"
858*"Table"	9.398487988767657*^259*"Table"
859*"Table"	-5.3384310932638804*^261*"Table"
860*"Table"	-1.6838819588826616*^262*"Table"
861*"Table"	-2.9963365853851896*^262*"Table"
862*"Table"	-2.3163338920207078*^262*"Table"
863*"Table"	5.171590217454607*^262*"Table"
864*"Table"	2.5455161946703626*^263*"Table"
865*"Table"	5.720392958950045*^263*"Table"
866*"Table"	7.171692565994941*^263*"Table"
867*"Table"	-1.3994695995869318*^263*"Table"
868*"Table"	-3.3778050118042717*^264*"Table"
869*"Table"	-9.835257050224183*^264*"Table"
870*"Table"	-1.643402920816411*^265*"Table"
871*"Table"	-1.024055478695685*^265*"Table"
872*"Table"	3.59587416726245*^265*"Table"
873*"Table"	1.528970669764984*^266*"Table"
874*"Table"	3.234849429249485*^266*"Table"
875*"Table"	3.6878421074443193*^266*"Table"
876*"Table"	-1.9247420454450664*^266*"Table"
877*"Table"	-2.1083700796571285*^267*"Table"
878*"Table"	-5.707140395154152*^267*"Table"
879*"Table"	-8.926864514201657*^267*"Table"
880*"Table"	-4.0641603307608243*^267*"Table"
881*"Table"	2.4151075536152793*^268*"Table"
882*"Table"	9.113101540184691*^268*"Table"
883*"Table"	1.816370987609513*^269*"Table"
884*"Table"	1.853818670436705*^269*"Table"
885*"Table"	-1.7493015082197434*^269*"Table"
886*"Table"	-1.3007929348350248*^270*"Table"
887*"Table"	-3.2903078590861177*^270*"Table"
888*"Table"	-4.796236997868529*^270*"Table"
889*"Table"	-1.2633364535822242*^270*"Table"
890*"Table"	1.5812345779453824*^271*"Table"
891*"Table"	5.392415801862707*^271*"Table"
892*"Table"	1.0122693959432784*^272*"Table"
893*"Table"	9.04263506155435*^271*"Table"
894*"Table"	-1.37211540634255*^272*"Table"
895*"Table"	-7.944167102286564*^272*"Table"
896*"Table"	-1.8846412007667739*^273*"Table"
897*"Table"	-2.5444879392140465*^273*"Table"
898*"Table"	-9.87721466471621*^271*"Table"
899*"Table"	1.015004843452244*^274*"Table"
900*"Table"	3.168840029109131*^274*"Table"
901*"Table"	5.5960791622620756*^274*"Table"
902*"Table"	4.22743672182803*^274*"Table"
903*"Table"	-9.96352746767988*^274*"Table"
904*"Table"	-4.807704933049591*^275*"Table"
905*"Table"	-1.0723736421706168*^276*"Table"
906*"Table"	-1.3297362149985274*^276*"Table"
907*"Table"	3.077930206559082*^275*"Table"
908*"Table"	6.412136402655483*^276*"Table"
909*"Table"	1.8497758337763573*^277*"Table"
910*"Table"	3.066495583537849*^277*"Table"
911*"Table"	1.850808611176639*^277*"Table"
912*"Table"	-6.8951662184099086*^277*"Table"
913*"Table"	-2.885565255163388*^278*"Table"
914*"Table"	-6.060375189521682*^278*"Table"
915*"Table"	-6.822252174897895*^278*"Table"
916*"Table"	3.8741348223577236*^278*"Table"
917*"Table"	3.997126282023462*^279*"Table"
918*"Table"	1.0727536628573597*^280*"Table"
919*"Table"	1.663950612816541*^280*"Table"
920*"Table"	7.20674178729153*^279*"Table"
921*"Table"	-4.615653591363746*^280*"Table"
922*"Table"	-1.718678747360202*^281*"Table"
923*"Table"	-3.40058761024746*^281*"Table"
924*"Table"	-3.4191059003366056*^281*"Table"
925*"Table"	3.434449525466201*^281*"Table"
926*"Table"	2.463362224091824*^282*"Table"
927*"Table"	6.181086517000542*^282*"Table"
928*"Table"	8.929007562213232*^282*"Table"
929*"Table"	2.1228231616334813*^282*"Table"
930*"Table"	-3.0145038037279434*^283*"Table"
931*"Table"	-1.0163142727914138*^284*"Table"
932*"Table"	-1.8937437673421697*^284*"Table"
933*"Table"	-1.6607858456881932*^284*"Table"
934*"Table"	2.6624296850215615*^284*"Table"
935*"Table"	1.5029729461255716*^285*"Table"
936*"Table"	3.5383276222883223*^285*"Table"
937*"Table"	4.729908587418752*^285*"Table"
938*"Table"	3.946649555585981*^283*"Table"
939*"Table"	-1.9312925117775927*^286*"Table"
940*"Table"	-5.968625161696669*^286*"Table"
941*"Table"	-1.0460382612236215*^287*"Table"
942*"Table"	-7.715462434930533*^286*"Table"
943*"Table"	1.920075688093131*^287*"Table"
944*"Table"	9.088049676376585*^287*"Table"
945*"Table"	2.0120837578419324*^288*"Table"
946*"Table"	2.4672473607091164*^288*"Table"
947*"Table"	-6.631610606735342*^287*"Table"
948*"Table"	-1.2181621780527216*^289*"Table"
949*"Table"	-3.482012000121539*^289*"Table"
950*"Table"	-5.726591366780044*^289*"Table"
951*"Table"	-3.3426376058445103*^289*"Table"
952*"Table"	1.322777944131902*^290*"Table"
953*"Table"	5.4504113145654914*^290*"Table"
954*"Table"	1.1363556154358079*^291*"Table"
955*"Table"	1.2628331732933823*^291*"Table"
956*"Table"	-7.770277789093257*^290*"Table"
957*"Table"	-7.583806257988512*^291*"Table"
958*"Table"	-2.018140304210395*^292*"Table"
959*"Table"	-3.103992559053525*^292*"Table"
960*"Table"	-1.2744137732494171*^292*"Table"
961*"Table"	8.826305456812267*^292*"Table"
962*"Table"	3.2440290703071825*^293*"Table"
963*"Table"	6.371794799816453*^293*"Table"
964*"Table"	6.309025409253013*^293*"Table"
965*"Table"	-6.736383996915677*^293*"Table"
966*"Table"	-4.668612836739262*^294*"Table"
967*"Table"	-1.1621302592093867*^295*"Table"
968*"Table"	-1.6635080064116778*^295*"Table"
969*"Table"	-3.5195965107082354*^294*"Table"
970*"Table"	5.750578305405082*^295*"Table"
971*"Table"	1.917028242414852*^296*"Table"
972*"Table"	3.545627185531896*^296*"Table"
973*"Table"	3.0510165890207117*^296*"Table"
974*"Table"	-5.165399311397161*^296*"Table"
975*"Table"	-2.8457222290210975*^297*"Table"
976*"Table"	-6.648452300116202*^297*"Table"
977*"Table"	-8.798333749203004*^297*"Table"
978*"Table"	2.009882727132873*^296*"Table"
979*"Table"	3.677223421661417*^298*"Table"
980*"Table"	1.1251176840021148*^299*"Table"
981*"Table"	1.9567950941786045*^299*"Table"
982*"Table"	1.407972704382353*^299*"Table"
983*"Table"	-3.7010009562481114*^299*"Table"
984*"Table"	-1.7192528315307083*^300*"Table"
985*"Table"	-3.7782456277179417*^300*"Table"
986*"Table"	-4.580625704107712*^300*"Table"
987*"Table"	1.4068750381575105*^300*"Table"
988*"Table"	2.3158398808637005*^301*"Table"
989*"Table"	6.559707824996686*^301*"Table"
990*"Table"	1.0702124426280982*^302*"Table"
991*"Table"	6.031293017474453*^301*"Table"
992*"Table"	-2.538663080394818*^302*"Table"
993*"Table"	-1.0302921318596003*^303*"Table"
994*"Table"	-2.1323760345069795*^303*"Table"
995*"Table"	-2.3387716366561288*^303*"Table"
996*"Table"	1.5536739290615963*^303*"Table"
997*"Table"	1.4398999816719826*^304*"Table"
998*"Table"	3.7996082515871713*^304*"Table"
999*"Table"	5.794349964221586*^304*"Table"
1000*"Table"	2.2461529187467167*^304*"Table"