-100*"Table"	7.368706878095147*^28*"Table"
-99*"Table"	8.915126040249408*^28*"Table"
-98*"Table"	4.908066711385827*^28*"Table"
-97*"Table"	1.508841255197323*^28*"Table"
-96*"Table"	-6.855676235289186*^26*"Table"
-95*"Table"	-4.223402277918333*^27*"Table"
-94*"Table"	-3.0146706847507563*^27*"Table"
-93*"Table"	-1.2344550445430636*^27*"Table"
-92*"Table"	-1.8963965504274*^26*"Table"
-91*"Table"	1.6044997077796244*^26*"Table"
-90*"Table"	1.6757191888384075*^26*"Table"
-89*"Table"	8.6888833853715*^25*"Table"
-88*"Table"	2.430941719914637*^25*"Table"
-87*"Table"	-3.0366694238004073*^24*"Table"
-86*"Table"	-8.268304086663592*^24*"Table"
-85*"Table"	-5.488244336666332*^24*"Table"
-84*"Table"	-2.1049912645314287*^24*"Table"
-83*"Table"	-2.373068316278252*^23*"Table"
-82*"Table"	3.389832892572522*^23*"Table"
-81*"Table"	3.1410488227198543*^23*"Table"
-80*"Table"	1.535153259802956*^23*"Table"
-79*"Table"	3.849077523083916*^22*"Table"
-78*"Table"	-8.757486783896018*^21*"Table"
-77*"Table"	-1.608682939430281*^22*"Table"
-76*"Table"	-9.98251094444838*^21*"Table"
-75*"Table"	-3.5707866014713465*^21*"Table"
-74*"Table"	-2.3550138070901195*^20*"Table"
-73*"Table"	7.021961736702721*^20*"Table"
-72*"Table"	5.8813107571875774*^20*"Table"
-71*"Table"	2.7091123369474562*^20*"Table"
-70*"Table"	5.953191175553456*^19*"Table"
-69*"Table"	-2.1859434297247568*^19*"Table"
-68*"Table"	-3.119330828267485*^19*"Table"
-67*"Table"	-1.816640463338628*^19*"Table"
-66*"Table"	-6.024319027911236*^18*"Table"
-65*"Table"	-6.691552439515366*^16*"Table"
-64*"Table"	1.436827154569236*^18*"Table"
-63*"Table"	1.1022418935313417*^18*"Table"
-62*"Table"	4.7807517381702586*^17*"Table"
-61*"Table"	8.899907648059958*^16*"Table"
-60*"Table"	-5.0877960857843944*^16*"Table"
-59*"Table"	-6.046747935954876*^16*"Table"
-58*"Table"	-3.314073489017898*^16*"Table"
-57*"Table"	-1.0105758562922926*^16*"Table"
-56*"Table"	5.564125516777935*^14*"Table"
-55*"Table"	2.9222173935372605*^15*"Table"
-54*"Table"	2.0732417583785042*^15*"Table"
-53*"Table"	8.451584285473595*^14*"Table"
-52*"Table"	1.2601235189367156*^14*"Table"
-51*"Table"	-1.1408191213356144*^14*"Table"
-50*"Table"	-1.1762396851235777*^14*"Table"
-49*"Table"	-6.078151823312664*^13*"Table"
-48*"Table"	-1.685251289386279*^13*"Table"
-47*"Table"	2.321114165444129*^12*"Table"
-46*"Table"	5.944568829688605*^12*"Table"
-45*"Table"	3.929199599019555*^12*"Table"
-44*"Table"	1.5012133200197126*^12*"Table"
-43*"Table"	1.611797619385282*^11*"Table"
-42*"Table"	-2.513270815319433*^11*"Table"
-41*"Table"	-2.3084090944174722*^11*"Table"
-40*"Table"	-1.1259669687207402*^11*"Table"
-39*"Table"	-2.7941704479759247*^10*"Table"
-38*"Table"	6.866538138796818*^9*"Table"
-37*"Table"	1.2192197078499544*^10*"Table"
-36*"Table"	7.551399875959137*^9*"Table"
-35*"Table"	2.6936308311167207*^9*"Table"
-34*"Table"	1.595594236485557*^8*"Table"
-33*"Table"	-5.531030037777586*^8*"Table"
-32*"Table"	-4.610918348354747*^8*"Table"
-31*"Table"	-2.1245635328531715*^8*"Table"
-30*"Table"	-4.6117602577984646*^7*"Table"
-29*"Table"	1.8247717579155825*^7*"Table"
-28*"Table"	2.5530852772811923*^7*"Table"
-27*"Table"	1.4893469307325114*^7*"Table"
-26*"Table"	4.935746898984153*^6*"Table"
-25*"Table"	9797.716949721565*"Table"
-24*"Table"	-1.2418346046719141*^6*"Table"
-23*"Table"	-953545.5295523312*"Table"
-22*"Table"	-415521.21477243595*"Table"
-21*"Table"	-76155.65542064216*"Table"
-20*"Table"	47489.3702650618*"Table"
-19*"Table"	56003.450500973675*"Table"
-18*"Table"	30962.32727977375*"Table"
-17*"Table"	9484.454401869398*"Table"
-16*"Table"	-659.4969043585425*"Table"
-15*"Table"	-2967.254534635067*"Table"
-14*"Table"	-2131.281170574877*"Table"
-13*"Table"	-882.6466165061377*"Table"
-12*"Table"	-128.51162615653857*"Table"
-11*"Table"	132.95439829016448*"Table"
-10*"Table"	138.84046594163277*"Table"
-9*"Table"	73.93572985761625*"Table"
-8*"Table"	20.973955610730236*"Table"
-7*"Table"	-3.632930242507921*"Table"
-6*"Table"	-8.858315966045044*"Table"
-5*"Table"	-6.230082478666359*"Table"
-4*"Table"	-2.56341655725858*"Table"
-3*"Table"	-0.22138024959869368*"Table"
-2*"Table"	0.7517341827138085*"Table"
-"Table"	0.984381781213087*"Table"
0	1.*"Table"
Table	0.984381781213087*"Table"
2*"Table"	0.7517341827138085*"Table"
3*"Table"	-0.22138024959869368*"Table"
4*"Table"	-2.56341655725858*"Table"
5*"Table"	-6.230082478666359*"Table"
6*"Table"	-8.858315966045044*"Table"
7*"Table"	-3.632930242507921*"Table"
8*"Table"	20.973955610730236*"Table"
9*"Table"	73.93572985761625*"Table"
10*"Table"	138.84046594163277*"Table"
11*"Table"	132.95439829016448*"Table"
12*"Table"	-128.51162615653857*"Table"
13*"Table"	-882.6466165061377*"Table"
14*"Table"	-2131.281170574877*"Table"
15*"Table"	-2967.254534635067*"Table"
16*"Table"	-659.4969043585425*"Table"
17*"Table"	9484.454401869398*"Table"
18*"Table"	30962.32727977375*"Table"
19*"Table"	56003.450500973675*"Table"
20*"Table"	47489.3702650618*"Table"
21*"Table"	-76155.65542064216*"Table"
22*"Table"	-415521.21477243595*"Table"
23*"Table"	-953545.5295523312*"Table"
24*"Table"	-1.2418346046719141*^6*"Table"
25*"Table"	9797.716949721565*"Table"
26*"Table"	4.935746898984153*^6*"Table"
27*"Table"	1.4893469307325114*^7*"Table"
28*"Table"	2.5530852772811923*^7*"Table"
29*"Table"	1.8247717579155825*^7*"Table"
30*"Table"	-4.6117602577984646*^7*"Table"
31*"Table"	-2.1245635328531715*^8*"Table"
32*"Table"	-4.610918348354747*^8*"Table"
33*"Table"	-5.531030037777586*^8*"Table"
34*"Table"	1.595594236485557*^8*"Table"
35*"Table"	2.6936308311167207*^9*"Table"
36*"Table"	7.551399875959137*^9*"Table"
37*"Table"	1.2192197078499544*^10*"Table"
38*"Table"	6.866538138796818*^9*"Table"
39*"Table"	-2.7941704479759247*^10*"Table"
40*"Table"	-1.1259669687207402*^11*"Table"
41*"Table"	-2.3084090944174722*^11*"Table"
42*"Table"	-2.513270815319433*^11*"Table"
43*"Table"	1.611797619385282*^11*"Table"
44*"Table"	1.5012133200197126*^12*"Table"
45*"Table"	3.929199599019555*^12*"Table"
46*"Table"	5.944568829688605*^12*"Table"
47*"Table"	2.321114165444129*^12*"Table"
48*"Table"	-1.685251289386279*^13*"Table"
49*"Table"	-6.078151823312664*^13*"Table"
50*"Table"	-1.1762396851235777*^14*"Table"
51*"Table"	-1.1408191213356144*^14*"Table"
52*"Table"	1.2601235189367156*^14*"Table"
53*"Table"	8.451584285473595*^14*"Table"
54*"Table"	2.0732417583785042*^15*"Table"
55*"Table"	2.9222173935372605*^15*"Table"
56*"Table"	5.564125516777935*^14*"Table"
57*"Table"	-1.0105758562922926*^16*"Table"
58*"Table"	-3.314073489017898*^16*"Table"
59*"Table"	-6.046747935954876*^16*"Table"
60*"Table"	-5.0877960857843944*^16*"Table"
61*"Table"	8.899907648059958*^16*"Table"
62*"Table"	4.7807517381702586*^17*"Table"
63*"Table"	1.1022418935313417*^18*"Table"
64*"Table"	1.436827154569236*^18*"Table"
65*"Table"	-6.691552439515366*^16*"Table"
66*"Table"	-6.024319027911236*^18*"Table"
67*"Table"	-1.816640463338628*^19*"Table"
68*"Table"	-3.119330828267485*^19*"Table"
69*"Table"	-2.1859434297247568*^19*"Table"
70*"Table"	5.953191175553456*^19*"Table"
71*"Table"	2.7091123369474562*^20*"Table"
72*"Table"	5.8813107571875774*^20*"Table"
73*"Table"	7.021961736702721*^20*"Table"
74*"Table"	-2.3550138070901195*^20*"Table"
75*"Table"	-3.5707866014713465*^21*"Table"
76*"Table"	-9.98251094444838*^21*"Table"
77*"Table"	-1.608682939430281*^22*"Table"
78*"Table"	-8.757486783896018*^21*"Table"
79*"Table"	3.849077523083916*^22*"Table"
80*"Table"	1.535153259802956*^23*"Table"
81*"Table"	3.1410488227198543*^23*"Table"
82*"Table"	3.389832892572522*^23*"Table"
83*"Table"	-2.373068316278252*^23*"Table"
84*"Table"	-2.1049912645314287*^24*"Table"
85*"Table"	-5.488244336666332*^24*"Table"
86*"Table"	-8.268304086663592*^24*"Table"
87*"Table"	-3.0366694238004073*^24*"Table"
88*"Table"	2.430941719914637*^25*"Table"
89*"Table"	8.6888833853715*^25*"Table"
90*"Table"	1.6757191888384075*^26*"Table"
91*"Table"	1.6044997077796244*^26*"Table"
92*"Table"	-1.8963965504274*^26*"Table"
93*"Table"	-1.2344550445430636*^27*"Table"
94*"Table"	-3.0146706847507563*^27*"Table"
95*"Table"	-4.223402277918333*^27*"Table"
96*"Table"	-6.855676235289186*^26*"Table"
97*"Table"	1.508841255197323*^28*"Table"
98*"Table"	4.908066711385827*^28*"Table"
99*"Table"	8.915126040249408*^28*"Table"
100*"Table"	7.368706878095147*^28*"Table"
101*"Table"	-1.369467405332331*^29*"Table"
102*"Table"	-7.203262051858929*^29*"Table"
103*"Table"	-1.652654020412238*^30*"Table"
104*"Table"	-2.1374889223559986*^30*"Table"
105*"Table"	1.727473502706985*^29*"Table"
106*"Table"	9.238726269020936*^30*"Table"
107*"Table"	2.765198029754563*^31*"Table"
108*"Table"	4.722714065070332*^31*"Table"
109*"Table"	3.2274481634662286*^31*"Table"
110*"Table"	-9.34091959794147*^31*"Table"
111*"Table"	-4.182937606573982*^32*"Table"
112*"Table"	-9.033511745620501*^32*"Table"
113*"Table"	-1.0680697676063905*^33*"Table"
114*"Table"	4.0380434977733284*^32*"Table"
115*"Table"	5.594589662278043*^33*"Table"
116*"Table"	1.5530903179668038*^34*"Table"
117*"Table"	2.4873254815695213*^34*"Table"
118*"Table"	1.303772695910291*^34*"Table"
119*"Table"	-6.141020247914413*^34*"Table"
120*"Table"	-2.4175738721410014*^35*"Table"
121*"Table"	-4.9192206179811584*^35*"Table"
122*"Table"	-5.2449439995281165*^35*"Table"
123*"Table"	3.96065281503487*^35*"Table"
124*"Table"	3.356291729494804*^36*"Table"
125*"Table"	8.692282455215279*^36*"Table"
126*"Table"	1.3002656192169399*^37*"Table"
127*"Table"	4.46755887795868*^36*"Table"
128*"Table"	-3.9340440717626915*^37*"Table"
129*"Table"	-1.3907581315170765*^38*"Table"
130*"Table"	-2.6664911383875946*^38*"Table"
131*"Table"	-2.5145656674339627*^38*"Table"
132*"Table"	3.159693233450586*^38*"Table"
133*"Table"	1.9971711238480486*^39*"Table"
134*"Table"	4.8457372847905696*^39*"Table"
135*"Table"	6.733640761467037*^39*"Table"
136*"Table"	9.036029531310105*^38*"Table"
137*"Table"	-2.4717721288550274*^40*"Table"
138*"Table"	-7.963504301429288*^40*"Table"
139*"Table"	-1.4375051695012912*^41*"Table"
140*"Table"	-1.1648981645997997*^41*"Table"
141*"Table"	2.29124397059623*^41*"Table"
142*"Table"	1.1798202028143434*^42*"Table"
143*"Table"	2.6896462326927038*^42*"Table"
144*"Table"	3.446183231275977*^42*"Table"
145*"Table"	-3.962358839357327*^41*"Table"
146*"Table"	-1.5295153212864258*^43*"Table"
147*"Table"	-4.538633097285452*^43*"Table"
148*"Table"	-7.699860365569454*^43*"Table"
149*"Table"	-5.121607763813977*^43*"Table"
150*"Table"	1.5718560121610306*^44*"Table"
151*"Table"	6.9236935443038515*^44*"Table"
152*"Table"	1.4857567117177783*^45*"Table"
153*"Table"	1.7374462685505138*^45*"Table"
154*"Table"	-7.310813475395544*^44*"Table"
155*"Table"	-9.34739712386975*^45*"Table"
156*"Table"	-2.574432743787954*^46*"Table"
157*"Table"	-4.093247903667643*^46*"Table"
158*"Table"	-2.0603905709825761*^46*"Table"
159*"Table"	1.0396580335402574*^47*"Table"
160*"Table"	4.038136944295534*^47*"Table"
161*"Table"	8.16399917768219*^47*"Table"
162*"Table"	8.590655511099747*^47*"Table"
163*"Table"	-6.964011217906661*^47*"Table"
164*"Table"	-5.652856339603326*^48*"Table"
165*"Table"	-1.453181475332348*^49*"Table"
166*"Table"	-2.156572987481794*^49*"Table"
167*"Table"	-6.889407748119474*^48*"Table"
168*"Table"	6.69934920779357*^49*"Table"
169*"Table"	2.3414581682433106*^50*"Table"
170*"Table"	4.4597726600696575*^50*"Table"
171*"Table"	4.137913851566832*^50*"Table"
172*"Table"	-5.5141096070689615*^50*"Table"
173*"Table"	-3.387620290411941*^51*"Table"
174*"Table"	-8.16137139332547*^51*"Table"
175*"Table"	-1.1241097577133276*^52*"Table"
176*"Table"	-1.1873826864567371*^51*"Table"
177*"Table"	4.232402758112397*^52*"Table"
178*"Table"	1.3500438445888494*^53*"Table"
179*"Table"	2.4203692036774423*^53*"Table"
180*"Table"	1.92085674878424*^53*"Table"
181*"Table"	-3.993392150767141*^53*"Table"
182*"Table"	-2.0137981681120272*^54*"Table"
183*"Table"	-4.559409485882433*^54*"Table"
184*"Table"	-5.783574711312265*^54*"Table"
185*"Table"	8.65635768275574*^53*"Table"
186*"Table"	2.632310886893961*^55*"Table"
187*"Table"	7.741409561891786*^55*"Table"
188*"Table"	1.3039153235895944*^56*"Table"
189*"Table"	8.4292162007321*^55*"Table"
190*"Table"	-2.742522150755116*^56*"Table"
191*"Table"	-1.1883912926028583*^57*"Table"
192*"Table"	-2.5329300228157038*^57*"Table"
193*"Table"	-2.9278337167014484*^57*"Table"
194*"Table"	1.3593826643261154*^57*"Table"
195*"Table"	1.6162123009169988*^58*"Table"
196*"Table"	4.4149200103115444*^58*"Table"
197*"Table"	6.96572765568705*^58*"Table"
198*"Table"	3.358358584093565*^58*"Table"
199*"Table"	-1.8177146350487309*^59*"Table"
200*"Table"	-6.965727972432316*^59*"Table"
201*"Table"	-1.398742246836185*^60*"Table"
202*"Table"	-1.4516853222612159*^60*"Table"
203*"Table"	1.2593968475346633*^60*"Table"
204*"Table"	9.815867227880295*^60*"Table"
205*"Table"	2.5040555128782655*^61*"Table"
206*"Table"	3.685180548411065*^61*"Table"
207*"Table"	1.086677715101175*^61*"Table"
208*"Table"	-1.1742016884686127*^62*"Table"
209*"Table"	-4.057062879252659*^62*"Table"
210*"Table"	-7.674291669307239*^62*"Table"
211*"Table"	-7.000814432444583*^62*"Table"
212*"Table"	9.879363660114191*^62*"Table"
213*"Table"	5.905402697602326*^63*"Table"
214*"Table"	1.4123405009538574*^64*"Table"
215*"Table"	1.9274101152128836*^64*"Table"
216*"Table"	1.474806711137018*^63*"Table"
217*"Table"	-7.437532156387637*^64*"Table"
218*"Table"	-2.348640730112483*^65*"Table"
219*"Table"	-4.1807565409203655*^65*"Table"
220*"Table"	-3.2464333704884746*^65*"Table"
221*"Table"	7.130041753241693*^65*"Table"
222*"Table"	3.523050979816895*^66*"Table"
223*"Table"	7.920131417274679*^66*"Table"
224*"Table"	9.94256269070977*^66*"Table"
225*"Table"	-1.84041832681196*^66*"Table"
226*"Table"	-4.6377506983642233*^67*"Table"
227*"Table"	-1.3516309413135802*^68*"Table"
228*"Table"	-2.25966567375197*^68*"Table"
229*"Table"	-1.417692213601763*^68*"Table"
230*"Table"	4.891792179544196*^68*"Table"
231*"Table"	2.0858222417319777*^69*"Table"
232*"Table"	4.414790893185078*^69*"Table"
233*"Table"	5.042142324513958*^69*"Table"
234*"Table"	-2.566027504995101*^69*"Table"
235*"Table"	-2.8547135051504444*^70*"Table"
236*"Table"	-7.733474027642098*^70*"Table"
237*"Table"	-1.2105022283040414*^71*"Table"
238*"Table"	-5.574291466322854*^70*"Table"
239*"Table"	3.242852018531076*^71*"Table"
240*"Table"	1.226245113223744*^72*"Table"
241*"Table"	2.445225005353314*^72*"Table"
242*"Table"	2.5018371741909464*^72*"Table"
243*"Table"	-2.317246366493546*^72*"Table"
244*"Table"	-1.7379467321203*^73*"Table"
245*"Table"	-4.399149431429193*^73*"Table"
246*"Table"	-6.418667333905738*^73*"Table"
247*"Table"	-1.7319123006300157*^73*"Table"
248*"Table"	2.0964884074297115*^74*"Table"
249*"Table"	7.161495612118922*^74*"Table"
250*"Table"	1.3451031528824532*^75*"Table"
251*"Table"	1.2057140702452187*^75*"Table"
252*"Table"	-1.8000326964531919*^75*"Table"
253*"Table"	-1.0479562850448685*^76*"Table"
254*"Table"	-2.4877592492416915*^76*"Table"
255*"Table"	-3.362936026971188*^76*"Table"
256*"Table"	-1.5737703281151692*^75*"Table"
257*"Table"	1.3294270609205346*^77*"Table"
258*"Table"	4.156108717457117*^77*"Table"
259*"Table"	7.344408974334158*^77*"Table"
260*"Table"	5.575306830023545*^77*"Table"
261*"Table"	-1.293363242050447*^78*"Table"
262*"Table"	-6.265238402308836*^78*"Table"
263*"Table"	-1.398382587029514*^79*"Table"
264*"Table"	-1.736782216339464*^79*"Table"
265*"Table"	3.845020304615741*^78*"Table"
266*"Table"	8.300360607923244*^79*"Table"
267*"Table"	2.3972393801469*^80*"Table"
268*"Table"	3.9772353808408953*^80*"Table"
269*"Table"	2.418164506814734*^80*"Table"
270*"Table"	-8.855502011752475*^80*"Table"
271*"Table"	-3.7167179153413494*^81*"Table"
272*"Table"	-7.81116470390114*^81*"Table"
273*"Table"	-8.811635993650193*^81*"Table"
274*"Table"	4.888736278038825*^81*"Table"
275*"Table"	5.116040080588365*^82*"Table"
276*"Table"	1.374427380449848*^83*"Table"
277*"Table"	2.1339524119011869*^83*"Table"
278*"Table"	9.356879119951276*^82*"Table"
279*"Table"	-5.865719137306059*^83*"Table"
280*"Table"	-2.1890848320880827*^84*"Table"
281*"Table"	-4.334393156928555*^84*"Table"
282*"Table"	-4.370090233842203*^84*"Table"
283*"Table"	4.31298838318737*^84*"Table"
284*"Table"	3.118844539299955*^85*"Table"
285*"Table"	7.832956801932742*^85*"Table"
286*"Table"	1.1328758797133252*^86*"Table"
287*"Table"	2.76742763115545*^85*"Table"
288*"Table"	-3.7916695549511914*^86*"Table"
289*"Table"	-1.280656781888838*^87*"Table"
290*"Table"	-2.388155135374456*^87*"Table"
291*"Table"	-2.102221598142896*^87*"Table"
292*"Table"	3.31780624237933*^87*"Table"
293*"Table"	1.8831097887369087*^88*"Table"
294*"Table"	4.437056764775752*^88*"Table"
295*"Table"	5.940049810039797*^88*"Table"
296*"Table"	9.756309083116024*^86*"Table"
297*"Table"	-2.4050107701625813*^89*"Table"
298*"Table"	-7.443923742170442*^89*"Table"
299*"Table"	-1.3057315842043627*^90*"Table"
300*"Table"	-9.681529229335984*^89*"Table"
301*"Table"	2.3723671235736234*^90*"Table"
302*"Table"	1.1272636341611498*^91*"Table"
303*"Table"	2.497839690766057*^91*"Table"
304*"Table"	3.068531333071929*^91*"Table"
305*"Table"	-7.935081428002078*^90*"Table"
306*"Table"	-1.502325539355919*^92*"Table"
307*"Table"	-4.299877959648332*^92*"Table"
308*"Table"	-7.078749706126802*^92*"Table"
309*"Table"	-4.1644317503462786*^92*"Table"
310*"Table"	1.6201320628371364*^93*"Table"
311*"Table"	6.695412805704224*^93*"Table"
312*"Table"	1.3971071942770076*^94*"Table"
313*"Table"	1.556228898512833*^94*"Table"
314*"Table"	-9.369815334846838*^93*"Table"
315*"Table"	-9.265594502464042*^94*"Table"
316*"Table"	-2.468545323776437*^95*"Table"
317*"Table"	-3.801168236065361*^95*"Table"
318*"Table"	-1.58155396145643*^95*"Table"
319*"Table"	1.0716616966490085*^96*"Table"
320*"Table"	3.948034547600802*^96*"Table"
321*"Table"	7.761410768642407*^96*"Table"
322*"Table"	7.70812386811428*^96*"Table"
323*"Table"	-8.092692377381653*^96*"Table"
324*"Table"	-5.652445436106335*^97*"Table"
325*"Table"	-1.4085270571521848*^98*"Table"
326*"Table"	-2.0189935141244616*^98*"Table"
327*"Table"	-4.406176948080155*^97*"Table"
328*"Table"	6.922584683132948*^98*"Table"
329*"Table"	2.3121711461736173*^99*"Table"
330*"Table"	4.280496144713825*^99*"Table"
331*"Table"	3.698159687237021*^99*"Table"
332*"Table"	-6.166701807441946*^99*"Table"
333*"Table"	-3.4153504855214148*^100*"Table"
334*"Table"	-7.987305296790256*^100*"Table"
335*"Table"	-1.0587670701301083*^101*"Table"
336*"Table"	1.549940652841668*^99*"Table"
337*"Table"	4.3897501286043556*^101*"Table"
338*"Table"	1.3453167451332335*^102*"Table"
339*"Table"	2.3421829475399764*^102*"Table"
340*"Table"	1.6946961905128864*^102*"Table"
341*"Table"	-4.387371969297391*^102*"Table"
342*"Table"	-2.045993061646875*^103*"Table"
343*"Table"	-4.500706910357264*^103*"Table"
344*"Table"	-5.467574873898827*^103*"Table"
345*"Table"	1.6227380507315746*^103*"Table"
346*"Table"	2.7421215775695317*^104*"Table"
347*"Table"	7.778203889457728*^104*"Table"
348*"Table"	1.2704778434947477*^105*"Table"
349*"Table"	7.219995667055351*^104*"Table"
350*"Table"	-2.9875700732230927*^105*"Table"
351*"Table"	-1.2160992574634441*^106*"Table"
352*"Table"	-2.519417806519223*^106*"Table"
353*"Table"	-2.7702507308853104*^106*"Table"
354*"Table"	1.8030550697984485*^106*"Table"
355*"Table"	1.6914861083034568*^107*"Table"
356*"Table"	4.46918888244825*^107*"Table"
357*"Table"	6.824444503087122*^107*"Table"
358*"Table"	2.6838369037932382*^107*"Table"
359*"Table"	-1.9727635078413605*^108*"Table"
360*"Table"	-7.17585811051238*^108*"Table"
361*"Table"	-1.4005738594192554*^109*"Table"
362*"Table"	-1.3695711005329903*^109*"Table"
363*"Table"	1.5274543514961056*^109*"Table"
364*"Table"	1.0321655280476721*^110*"Table"
365*"Table"	2.5519938277258072*^110*"Table"
366*"Table"	3.624950272467754*^110*"Table"
367*"Table"	6.94768778358595*^109*"Table"
368*"Table"	-1.2730174488986628*^111*"Table"
369*"Table"	-4.20531042126187*^111*"Table"
370*"Table"	-7.728415558166488*^111*"Table"
371*"Table"	-6.549368442262636*^111*"Table"
372*"Table"	1.153402253846069*^112*"Table"
373*"Table"	6.238686127597286*^112*"Table"
374*"Table"	1.4481120522252458*^113*"Table"
375*"Table"	1.9003463820555154*^113*"Table"
376*"Table"	-8.823270925063332*^111*"Table"
377*"Table"	-8.067553606433237*^113*"Table"
378*"Table"	-2.4483212715363455*^114*"Table"
379*"Table"	-4.2303631259287033*^114*"Table"
380*"Table"	-2.984084009245705*^114*"Table"
381*"Table"	8.164785070306982*^114*"Table"
382*"Table"	3.73870578926037*^115*"Table"
383*"Table"	8.164477399886999*^115*"Table"
384*"Table"	9.806071898385125*^115*"Table"
385*"Table"	-3.2952416127340566*^115*"Table"
386*"Table"	-5.037859348353766*^116*"Table"
387*"Table"	-1.4163373953021693*^117*"Table"
388*"Table"	-2.295113358791718*^117*"Table"
389*"Table"	-1.2576442603899109*^117*"Table"
390*"Table"	5.542875686282369*^117*"Table"
391*"Table"	2.2230577377629005*^118*"Table"
392*"Table"	4.5724486849700595*^118*"Table"
393*"Table"	4.961531709742886*^118*"Table"
394*"Table"	-3.479244895847267*^118*"Table"
395*"Table"	-3.1071707608103208*^119*"Table"
396*"Table"	-8.142069866909138*^119*"Table"
397*"Table"	-1.232792834718247*^120*"Table"
398*"Table"	-4.562054347764009*^119*"Table"
399*"Table"	3.6530077399943097*^120*"Table"
400*"Table"	1.3122564765994032*^121*"Table"
401*"Table"	2.5427674944822608*^121*"Table"
402*"Table"	2.4472439439022847*^121*"Table"
403*"Table"	-2.8957872096037084*^121*"Table"
404*"Table"	-1.895991838469639*^122*"Table"
405*"Table"	-4.651328709041844*^122*"Table"
406*"Table"	-6.5462895426095326*^122*"Table"
407*"Table"	-1.0771406048771547*^122*"Table"
408*"Table"	2.35428906344647*^123*"Table"
409*"Table"	7.693066514919088*^123*"Table"
410*"Table"	1.403422217420045*^124*"Table"
411*"Table"	1.1658594997881529*^124*"Table"
412*"Table"	-2.167769569406694*^124*"Table"
413*"Table"	-1.1460546640124832*^125*"Table"
414*"Table"	-2.6403447678812458*^125*"Table"
415*"Table"	-3.429646614936091*^125*"Table"
416*"Table"	2.7088558093639664*^124*"Table"
417*"Table"	1.4907444596478644*^126*"Table"
418*"Table"	4.480387292248019*^126*"Table"
419*"Table"	7.682633717935304*^126*"Table"
420*"Table"	5.277896344810715*^126*"Table"
421*"Table"	-1.5269179509934248*^127*"Table"
422*"Table"	-6.868789659389522*^127*"Table"
423*"Table"	-1.489067574983179*^128*"Table"
424*"Table"	-1.767824359697549*^128*"Table"
425*"Table"	6.654079071823862*^127*"Table"
426*"Table"	9.303932375508743*^128*"Table"
427*"Table"	2.5926575956945134*^129*"Table"
428*"Table"	4.167710638250758*^129*"Table"
429*"Table"	2.1977299924103357*^129*"Table"
430*"Table"	-1.0333599323057874*^130*"Table"
431*"Table"	-4.084778774596074*^130*"Table"
432*"Table"	-8.341129951590052*^130*"Table"
433*"Table"	-8.92917137663029*^130*"Table"
434*"Table"	6.726617712994968*^130*"Table"
435*"Table"	5.736253151033534*^131*"Table"
436*"Table"	1.49082551828852*^132*"Table"
437*"Table"	2.2379748031707364*^132*"Table"
438*"Table"	7.752978908339518*^131*"Table"
439*"Table"	-6.79626901454073*^132*"Table"
440*"Table"	-2.4115726015869175*^133*"Table"
441*"Table"	-4.639061790820284*^133*"Table"
442*"Table"	-4.392470301033957*^133*"Table"
443*"Table"	5.50861216333816*^133*"Table"
444*"Table"	3.499447677608499*^134*"Table"
445*"Table"	8.518469501090558*^134*"Table"
446*"Table"	1.1877364653074552*^135*"Table"
447*"Table"	1.625433867657457*^134*"Table"
448*"Table"	-4.373856631282607*^135*"Table"
449*"Table"	-1.4139830569612446*^136*"Table"
450*"Table"	-2.5604137814452023*^136*"Table"
451*"Table"	-2.0837011787667182*^136*"Table"
452*"Table"	4.089839554694292*^136*"Table"
453*"Table"	2.114984628141692*^137*"Table"
454*"Table"	4.836300524337944*^137*"Table"
455*"Table"	6.217107278886383*^137*"Table"
456*"Table"	-6.984126774769152*^136*"Table"
457*"Table"	-2.7667833013062107*^138*"Table"
458*"Table"	-8.236031472450773*^138*"Table"
459*"Table"	-1.401432892271359*^139*"Table"
460*"Table"	-9.366224207482369*^138*"Table"
461*"Table"	2.866770553349034*^139*"Table"
462*"Table"	1.2674969438875857*^140*"Table"
463*"Table"	2.727764228598873*^140*"Table"
464*"Table"	3.200324543499344*^140*"Table"
465*"Table"	-1.3375110960436495*^140*"Table"
466*"Table"	-1.725553464931973*^141*"Table"
467*"Table"	-4.766459407304828*^141*"Table"
468*"Table"	-7.600290659340539*^141*"Table"
469*"Table"	-3.848426203179409*^141*"Table"
470*"Table"	1.9340432817592144*^142*"Table"
471*"Table"	7.53731062821311*^142*"Table"
472*"Table"	1.5280029794285425*^143*"Table"
473*"Table"	1.6132362326225951*^143*"Table"
474*"Table"	-1.3022543180199288*^143*"Table"
475*"Table"	-1.0633219184521957*^144*"Table"
476*"Table"	-2.7410230144789755*^144*"Table"
477*"Table"	-4.079168505765267*^144*"Table"
478*"Table"	-1.3149741426885667*^144*"Table"
479*"Table"	1.2692780061291264*^145*"Table"
480*"Table"	4.4497779897865596*^145*"Table"
481*"Table"	8.497630279817643*^145*"Table"
482*"Table"	7.912131149293609*^145*"Table"
483*"Table"	-1.0506849227933718*^146*"Table"
484*"Table"	-6.484398363496695*^146*"Table"
485*"Table"	-1.566266766377158*^147*"Table"
486*"Table"	-2.1632642997464237*^147*"Table"
487*"Table"	-2.3485910992796435*^146*"Table"
488*"Table"	8.15629021457786*^147*"Table"
489*"Table"	2.609007966447325*^148*"Table"
490*"Table"	4.6892185203051974*^148*"Table"
491*"Table"	3.735910271422042*^148*"Table"
492*"Table"	-7.739867267769632*^148*"Table"
493*"Table"	-3.917892360837064*^149*"Table"
494*"Table"	-8.892319513218254*^149*"Table"
495*"Table"	-1.1311082608212447*^150*"Table"
496*"Table"	1.6574059090791086*^149*"Table"
497*"Table"	5.153741408414831*^150*"Table"
498*"Table"	1.5196394219702122*^151*"Table"
499*"Table"	2.5658431065185695*^151*"Table"
500*"Table"	1.666298766389367*^151*"Table"
501*"Table"	-5.399584553426457*^151*"Table"
502*"Table"	-2.3474472941399685*^152*"Table"
503*"Table"	-5.015119508606123*^152*"Table"
504*"Table"	-5.813444178356704*^152*"Table"
505*"Table"	2.678234604749574*^152*"Table"
506*"Table"	3.2115604655788244*^153*"Table"
507*"Table"	8.794348227973024*^153*"Table"
508*"Table"	1.3908731853983626*^154*"Table"
509*"Table"	6.746356493361637*^153*"Table"
510*"Table"	-3.631426875167965*^154*"Table"
511*"Table"	-1.3956866804166708*^155*"Table"
512*"Table"	-2.8089332248793077*^155*"Table"
513*"Table"	-2.9239276641954085*^155*"Table"
514*"Table"	2.523524142296603*^155*"Table"
515*"Table"	1.9777758316209184*^156*"Table"
516*"Table"	5.057029705680098*^156*"Table"
517*"Table"	7.46006862352254*^156*"Table"
518*"Table"	2.2219634202193595*^156*"Table"
519*"Table"	-2.378060929155417*^157*"Table"
520*"Table"	-8.238420691844869*^157*"Table"
521*"Table"	-1.5617870481790755*^158*"Table"
522*"Table"	-1.429337924043492*^158*"Table"
523*"Table"	2.0082529038123725*^158*"Table"
524*"Table"	1.205497807126646*^159*"Table"
525*"Table"	2.8894124692676013*^159*"Table"
526*"Table"	3.952604614391336*^159*"Table"
527*"Table"	3.1488028069781636*^158*"Table"
528*"Table"	-1.5257136820335917*^160*"Table"
529*"Table"	-4.829705506212044*^160*"Table"
530*"Table"	-8.615640641392411*^160*"Table"
531*"Table"	-6.714910239772374*^160*"Table"
532*"Table"	1.468412204420412*^161*"Table"
533*"Table"	7.280751895818014*^161*"Table"
534*"Table"	1.6402183508594347*^162*"Table"
535*"Table"	2.0641024874757955*^162*"Table"
536*"Table"	-3.748414719080925*^161*"Table"
537*"Table"	-9.62917130009883*^162*"Table"
538*"Table"	-2.812716118678446*^163*"Table"
539*"Table"	-4.712231963606398*^163*"Table"
540*"Table"	-2.9698133468993407*^163*"Table"
541*"Table"	1.019709740313449*^164*"Table"
542*"Table"	4.3609044017050517*^164*"Table"
543*"Table"	9.24885467549668*^164*"Table"
544*"Table"	1.0590222833312355*^165*"Table"
545*"Table"	-5.345602256101329*^164*"Table"
546*"Table"	-5.994962424380845*^165*"Table"
547*"Table"	-1.6275155340377978*^166*"Table"
548*"Table"	-2.552856606199204*^166*"Table"
549*"Table"	-1.182965323187414*^166*"Table"
550*"Table"	6.836800764838513*^166*"Table"
551*"Table"	2.592066576475984*^167*"Table"
552*"Table"	5.178931022022341*^167*"Table"
553*"Table"	5.313438844072952*^167*"Table"
554*"Table"	-4.893350384598378*^167*"Table"
555*"Table"	-3.6892224632046604*^168*"Table"
556*"Table"	-9.357180178229899*^168*"Table"
557*"Table"	-1.3681640373055761*^169*"Table"
558*"Table"	-3.733232951117842*^168*"Table"
559*"Table"	4.467325457167169*^169*"Table"
560*"Table"	1.5296525780354318*^170*"Table"
561*"Table"	2.8785789444639457*^170*"Table"
562*"Table"	2.588210677501979*^170*"Table"
563*"Table"	-3.8450204255151803*^170*"Table"
564*"Table"	-2.2473530688683097*^171*"Table"
565*"Table"	-5.345333311993702*^171*"Table"
566*"Table"	-7.241397591868088*^171*"Table"
567*"Table"	-3.62910096306973*^170*"Table"
568*"Table"	2.861504969197718*^172*"Table"
569*"Table"	8.965349302991371*^172*"Table"
570*"Table"	1.5873000258760774*^173*"Table"
571*"Table"	1.209302598639192*^173*"Table"
572*"Table"	-2.791638711934815*^173*"Table"
573*"Table"	-1.3566605103339006*^174*"Table"
574*"Table"	-3.0336545627417654*^174*"Table"
575*"Table"	-3.776251210309796*^174*"Table"
576*"Table"	8.216828787460937*^173*"Table"
577*"Table"	1.8037363071792985*^175*"Table"
578*"Table"	5.220020439174267*^175*"Table"
579*"Table"	8.676812632140799*^175*"Table"
580*"Table"	5.299642935451816*^175*"Table"
581*"Table"	-1.929982943806132*^176*"Table"
582*"Table"	-8.122548225746574*^176*"Table"
583*"Table"	-1.710134688976965*^177*"Table"
584*"Table"	-1.9337889209290772*^177*"Table"
585*"Table"	1.0639988445901488*^177*"Table"
586*"Table"	1.1218848199779416*^178*"Table"
587*"Table"	3.019733734934744*^178*"Table"
588*"Table"	4.69737183388024*^178*"Table"
589*"Table"	2.0732947475970213*^178*"Table"
590*"Table"	-1.2900629283442378*^179*"Table"
591*"Table"	-4.826186230901855*^179*"Table"
592*"Table"	-9.572680148203649*^179*"Table"
593*"Table"	-9.676819127895808*^179*"Table"
594*"Table"	9.492942276888994*^179*"Table"
595*"Table"	6.8985225529078035*^180*"Table"
596*"Table"	1.735716980612876*^181*"Table"
597*"Table"	2.5152133464996414*^181*"Table"
598*"Table"	6.222535397533548*^180*"Table"
599*"Table"	-8.41115435076508*^181*"Table"
600*"Table"	-2.8471281407626846*^182*"Table"
601*"Table"	-5.318499055328485*^182*"Table"
602*"Table"	-4.6956880668259106*^182*"Table"
603*"Table"	7.37179699090936*^182*"Table"
604*"Table"	4.199629944828947*^183*"Table"
605*"Table"	9.91261159081478*^183*"Table"
606*"Table"	1.3296949702948773*^184*"Table"
607*"Table"	2.6454645774970774*^182*"Table"
608*"Table"	-5.3788508824498895*^184*"Table"
609*"Table"	-1.6681911834992775*^185*"Table"
610*"Table"	-2.9312004180569465*^185*"Table"
611*"Table"	-2.1811724063181115*^185*"Table"
612*"Table"	5.316399167161026*^185*"Table"
613*"Table"	2.533799465127561*^186*"Table"
614*"Table"	5.623974137506496*^186*"Table"
615*"Table"	6.923500961151074*^186*"Table"
616*"Table"	-1.7623788746332854*^186*"Table"
617*"Table"	-3.3862173378866004*^187*"Table"
618*"Table"	-9.709976990531562*^187*"Table"
619*"Table"	-1.6012874518713282*^188*"Table"
620*"Table"	-9.464395467748477*^187*"Table"
621*"Table"	3.659669337603143*^188*"Table"
622*"Table"	1.5163017752848963*^189*"Table"
623*"Table"	3.169209643394804*^189*"Table"
624*"Table"	3.538215983627624*^189*"Table"
625*"Table"	-2.1127178755363956*^189*"Table"
626*"Table"	-2.104013098632092*^190*"Table"
627*"Table"	-5.615396761374926*^190*"Table"
628*"Table"	-8.662013499307945*^190*"Table"
629*"Table"	-3.6292592451492205*^190*"Table"
630*"Table"	2.438966142247066*^191*"Table"
631*"Table"	9.005577270319961*^191*"Table"
632*"Table"	1.773256251415516*^192*"Table"
633*"Table"	1.7655534776106247*^192*"Table"
634*"Table"	-1.8421430544287748*^192*"Table"
635*"Table"	-1.292690388979609*^193*"Table"
636*"Table"	-3.22664049490661*^193*"Table"
637*"Table"	-4.63345776977095*^193*"Table"
638*"Table"	-1.0259548738077308*^193*"Table"
639*"Table"	1.5867427797865306*^194*"Table"
640*"Table"	5.310596088636459*^194*"Table"
641*"Table"	9.847164866629419*^194*"Table"
642*"Table"	8.532545680096068*^194*"Table"
643*"Table"	-1.4149234227759192*^195*"Table"
644*"Table"	-7.864040956583654*^195*"Table"
645*"Table"	-1.8420837327544353*^196*"Table"
646*"Table"	-2.446418136002827*^196*"Table"
647*"Table"	2.6978258214783986*^194*"Table"
648*"Table"	1.013031449947113*^197*"Table"
649*"Table"	3.110423770291323*^197*"Table"
650*"Table"	5.4238779260688506*^197*"Table"
651*"Table"	3.938622194554762*^197*"Table"
652*"Table"	-1.0139202054605621*^198*"Table"
653*"Table"	-4.7418272415892903*^198*"Table"
654*"Table"	-1.0447186971490875*^199*"Table"
655*"Table"	-1.2717143045347896*^199*"Table"
656*"Table"	3.7200426165538145*^198*"Table"
657*"Table"	6.369195118126622*^199*"Table"
658*"Table"	1.809810178357047*^200*"Table"
659*"Table"	2.9608923181999087*^200*"Table"
660*"Table"	1.690748434723023*^200*"Table"
661*"Table"	-6.950588478207296*^200*"Table"
662*"Table"	-2.836146962330046*^201*"Table"
663*"Table"	-5.884666739992252*^201*"Table"
664*"Table"	-6.484832925572789*^201*"Table"
665*"Table"	4.1862668707383674*^201*"Table"
666*"Table"	3.953325376763422*^202*"Table"
667*"Table"	1.0462497096356937*^203*"Table"
668*"Table"	1.6002664081498477*^203*"Table"
669*"Table"	6.340454417910833*^202*"Table"
670*"Table"	-4.618699532638811*^203*"Table"
671*"Table"	-1.6836282784229734*^204*"Table"
672*"Table"	-3.29102667905477*^204*"Table"
673*"Table"	-3.2261969507047955*^204*"Table"
674*"Table"	3.5753885534235167*^204*"Table"
675*"Table"	2.426782444030787*^205*"Table"
676*"Table"	6.009525300071401*^205*"Table"
677*"Table"	8.550831911417284*^205*"Table"
678*"Table"	1.666780627725763*^205*"Table"
679*"Table"	-2.9983753435171966*^206*"Table"
680*"Table"	-9.923945681423983*^206*"Table"
681*"Table"	-1.826531006175013*^207*"Table"
682*"Table"	-1.552413808111372*^207*"Table"
683*"Table"	2.7182557457700645*^207*"Table"
684*"Table"	1.4752347712007385*^208*"Table"
685*"Table"	3.42944497336712*^208*"Table"
686*"Table"	4.508601445515126*^208*"Table"
687*"Table"	-1.9244433115306184*^207*"Table"
688*"Table"	-1.9111039203581162*^209*"Table"
689*"Table"	-5.810000106892483*^209*"Table"
690*"Table"	-1.0054014672813057*^210*"Table"
691*"Table"	-7.118016241114208*^209*"Table"
692*"Table"	1.9360714860514727*^210*"Table"
693*"Table"	8.889593882772821*^210*"Table"
694*"Table"	1.9441252663576223*^211*"Table"
695*"Table"	2.3395885174437198*^211*"Table"
696*"Table"	-7.757084937775657*^210*"Table"
697*"Table"	-1.199984891811727*^212*"Table"
698*"Table"	-3.379162009955556*^212*"Table"
699*"Table"	-5.484182685889466*^212*"Table"
700*"Table"	-3.020167971220689*^212*"Table"
701*"Table"	1.3218881052154836*^213*"Table"
702*"Table"	5.313935534656383*^213*"Table"
703*"Table"	1.094554664551932*^214*"Table"
704*"Table"	1.1902614910874375*^214*"Table"
705*"Table"	-8.279490727316078*^213*"Table"
706*"Table"	-7.440261409382844*^214*"Table"
707*"Table"	-1.9526754647463195*^215*"Table"
708*"Table"	-2.9612228068475698*^215*"Table"
709*"Table"	-1.1046535816257507*^215*"Table"
710*"Table"	8.75903005088666*^215*"Table"
711*"Table"	3.152876661303523*^216*"Table"
712*"Table"	6.118033963836047*^216*"Table"
713*"Table"	5.902739908630061*^216*"Table"
714*"Table"	-6.940046164110633*^216*"Table"
715*"Table"	-4.563168683758884*^217*"Table"
716*"Table"	-1.1211107540323412*^218*"Table"
717*"Table"	-1.580461300584368*^218*"Table"
718*"Table"	-2.653337697333164*^217*"Table"
719*"Table"	5.674135592581268*^218*"Table"
720*"Table"	1.857519082805747*^219*"Table"
721*"Table"	3.393432139451196*^219*"Table"
722*"Table"	2.8273165757481545*^219*"Table"
723*"Table"	-5.226074328235022*^219*"Table"
724*"Table"	-2.7718030615934254*^220*"Table"
725*"Table"	-6.394936715587861*^220*"Table"
726*"Table"	-8.32124489509541*^220*"Table"
727*"Table"	6.249759796232536*^219*"Table"
728*"Table"	3.61062348530364*^221*"Table"
729*"Table"	1.0869818834018493*^222*"Table"
730*"Table"	1.8665540939473314*^222*"Table"
731*"Table"	1.2870962914474669*^222*"Table"
732*"Table"	-3.7007658604668466*^222*"Table"
733*"Table"	-1.669128063715477*^223*"Table"
734*"Table"	-3.623484268322934*^223*"Table"
735*"Table"	-4.310036572958562*^223*"Table"
736*"Table"	1.602089498185234*^223*"Table"
737*"Table"	2.2641234982448737*^224*"Table"
738*"Table"	6.319118769437905*^224*"Table"
739*"Table"	1.0172948728564962*^225*"Table"
740*"Table"	5.3924218484460295*^224*"Table"
741*"Table"	-2.5169836928719932*^225*"Table"
742*"Table"	-9.971502145250506*^225*"Table"
743*"Table"	-2.0389643305059485*^226*"Table"
744*"Table"	-2.187369683697153*^226*"Table"
745*"Table"	1.634782917344409*^226*"Table"
746*"Table"	1.4022970252632668*^227*"Table"
747*"Table"	3.649878231527285*^227*"Table"
748*"Table"	5.48741781133031*^227*"Table"
749*"Table"	1.9175920682500844*^227*"Table"
750*"Table"	-1.6631616348171345*^228*"Table"
751*"Table"	-5.913021469398879*^228*"Table"
752*"Table"	-1.1390115400537647*^229*"Table"
753*"Table"	-1.0811255836170639*^229*"Table"
754*"Table"	1.3471369255719573*^229*"Table"
755*"Table"	8.592494097605824*^229*"Table"
756*"Table"	2.0945592094704746*^230*"Table"
757*"Table"	2.9251441860035587*^230*"Table"
758*"Table"	4.1032094122228925*^229*"Table"
759*"Table"	-1.0751500480009297*^231*"Table"
760*"Table"	-3.481839254206631*^231*"Table"
761*"Table"	-6.313436575820012*^231*"Table"
762*"Table"	-5.153264646245148*^231*"Table"
763*"Table"	1.0053840780461408*^232*"Table"
764*"Table"	5.215189272097325*^232*"Table"
765*"Table"	1.1941714408442348*^233*"Table"
766*"Table"	1.537758070402201*^233*"Table"
767*"Table"	-1.6658406113364003*^232*"Table"
768*"Table"	-6.830305839634949*^233*"Table"
769*"Table"	-2.0364782574316156*^234*"Table"
770*"Table"	-3.470037935390765*^234*"Table"
771*"Table"	-2.3280338112737418*^234*"Table"
772*"Table"	7.080262690872211*^234*"Table"
773*"Table"	3.1382850674905146*^235*"Table"
774*"Table"	6.762834385522509*^235*"Table"
775*"Table"	7.949388215392854*^235*"Table"
776*"Table"	-3.283417165307242*^235*"Table"
777*"Table"	-4.277434671048512*^236*"Table"
778*"Table"	-1.1833142713710433*^237*"Table"
779*"Table"	-1.8895187534489775*^237*"Table"
780*"Table"	-9.61999595375521*^236*"Table"
781*"Table"	4.7974602246043465*^237*"Table"
782*"Table"	1.8736471876507892*^238*"Table"
783*"Table"	3.8033308661935764*^238*"Table"
784*"Table"	4.024006935452242*^238*"Table"
785*"Table"	-3.22307730940882*^238*"Table"
786*"Table"	-2.6463434697530988*^239*"Table"
787*"Table"	-6.83136573607905*^239*"Table"
788*"Table"	-1.0181441915547537*^240*"Table"
789*"Table"	-3.3134017718967076*^239*"Table"
790*"Table"	3.161460853244738*^240*"Table"
791*"Table"	1.110407554902883*^241*"Table"
792*"Table"	2.1232856482732655*^241*"Table"
793*"Table"	1.9818819467473927*^241*"Table"
794*"Table"	-2.6148653129258433*^241*"Table"
795*"Table"	-1.6200169312236089*^242*"Table"
796*"Table"	-3.9183423160907774*^242*"Table"
797*"Table"	-5.420344417429097*^242*"Table"
798*"Table"	-6.074724318531638*^241*"Table"
799*"Table"	2.0395200158361265*^243*"Table"
800*"Table"	6.5349451140321466*^243*"Table"
801*"Table"	1.176082338633883*^244*"Table"
802*"Table"	9.39821973886469*^243*"Table"
803*"Table"	-1.9351432939264116*^244*"Table"
804*"Table"	-9.824650605993269*^244*"Table"
805*"Table"	-2.232787553793114*^245*"Table"
806*"Table"	-2.8449259595507693*^245*"Table"
807*"Table"	4.050889502389542*^244*"Table"
808*"Table"	1.2935808224922502*^246*"Table"
809*"Table"	3.820165720145237*^246*"Table"
810*"Table"	6.458823435818553*^246*"Table"
811*"Table"	4.211052772378508*^246*"Table"
812*"Table"	-1.3556278021729267*^247*"Table"
813*"Table"	-5.907792291675492*^247*"Table"
814*"Table"	-1.263763900709885*^248*"Table"
815*"Table"	-1.4676714098093037*^248*"Table"
816*"Table"	6.686790976447846*^247*"Table"
817*"Table"	8.090265632868782*^248*"Table"
818*"Table"	2.2185830226077808*^249*"Table"
819*"Table"	3.5136621892691536*^249*"Table"
820*"Table"	1.7141136888464782*^249*"Table"
821*"Table"	-9.152317088565045*^249*"Table"
822*"Table"	-3.5248061377703025*^250*"Table"
823*"Table"	-7.102932107870466*^250*"Table"
824*"Table"	-7.409402063312782*^250*"Table"
825*"Table"	6.34598036159584*^250*"Table"
826*"Table"	4.999721513219375*^251*"Table"
827*"Table"	1.2801346034588278*^252*"Table"
828*"Table"	1.8911751570729347*^252*"Table"
829*"Table"	5.691905602869017*^251*"Table"
830*"Table"	-6.015326990125234*^252*"Table"
831*"Table"	-2.08768605685027*^253*"Table"
832*"Table"	-3.962703771891148*^253*"Table"
833*"Table"	-3.635697963562495*^253*"Table"
834*"Table"	5.075259556247705*^253*"Table"
835*"Table"	3.0577948170401083*^254*"Table"
836*"Table"	7.338678476598265*^254*"Table"
837*"Table"	1.0054515509716566*^255*"Table"
838*"Table"	8.370960566053045*^253*"Table"
839*"Table"	-3.872757079533676*^255*"Table"
840*"Table"	-1.2279320026571838*^256*"Table"
841*"Table"	-2.1932878656357337*^256*"Table"
842*"Table"	-1.7146933487841583*^256*"Table"
843*"Table"	3.7263241605758595*^256*"Table"
844*"Table"	1.8528753755143882*^257*"Table"
845*"Table"	4.1794633345026845*^257*"Table"
846*"Table"	5.268376700855541*^257*"Table"
847*"Table"	-9.342283354448589*^256*"Table"
848*"Table"	-2.4523782864764803*^258*"Table"
849*"Table"	-7.174189612986393*^258*"Table"
850*"Table"	-1.2034849958318673*^259*"Table"
851*"Table"	-7.615836276003724*^258*"Table"
852*"Table"	2.597283601207911*^259*"Table"
853*"Table"	1.1133524162657391*^260*"Table"
854*"Table"	2.364187520915525*^260*"Table"
855*"Table"	2.7121054817864113*^260*"Table"
856*"Table"	-1.3546216234136264*^260*"Table"
857*"Table"	-1.5317385962806914*^261*"Table"
858*"Table"	-4.164169204375894*^261*"Table"
859*"Table"	-6.540597160919125*^261*"Table"
860*"Table"	-3.0493429359940102*^261*"Table"
861*"Table"	1.7473966292235123*^262*"Table"
862*"Table"	6.638181223348516*^262*"Table"
863*"Table"	1.3279325333013796*^263*"Table"
864*"Table"	1.3653225038451376*^263*"Table"
865*"Table"	-1.2479530250577355*^263*"Table"
866*"Table"	-9.455546278990314*^263*"Table"
867*"Table"	-2.401427763582177*^264*"Table"
868*"Table"	-3.5162601603306817*^264*"Table"
869*"Table"	-9.706449710660087*^263*"Table"
870*"Table"	1.1455138405124253*^265*"Table"
871*"Table"	3.929214539888605*^265*"Table"
872*"Table"	7.403294795333168*^265*"Table"
873*"Table"	6.673339464002683*^265*"Table"
874*"Table"	-9.849760476568792*^265*"Table"
875*"Table"	-5.777432480197045*^266*"Table"
876*"Table"	-1.3759023774676417*^267*"Table"
877*"Table"	-1.86679576231133*^267*"Table"
878*"Table"	-1.0042769964837681*^266*"Table"
879*"Table"	7.3603407107364755*^267*"Table"
880*"Table"	2.3096990580077354*^268*"Table"
881*"Table"	4.094382871453507*^268*"Table"
882*"Table"	3.1292055345028496*^268*"Table"
883*"Table"	-7.177986889050271*^268*"Table"
884*"Table"	-3.497905789133471*^269*"Table"
885*"Table"	-7.831341090733327*^269*"Table"
886*"Table"	-9.764569002895083*^269*"Table"
887*"Table"	2.0816434790646586*^269*"Table"
888*"Table"	4.653445600640787*^270*"Table"
889*"Table"	1.34866111382832*^271*"Table"
890*"Table"	2.244638193153757*^271*"Table"
891*"Table"	1.3768142846659378*^271*"Table"
892*"Table"	-4.97906257334055*^271*"Table"
893*"Table"	-2.1002302104605005*^272*"Table"
894*"Table"	-4.427191334279539*^272*"Table"
895*"Table"	-5.015504044963579*^272*"Table"
896*"Table"	2.731998827618896*^272*"Table"
897*"Table"	2.9027046843277595*^273*"Table"
898*"Table"	7.823674214196743*^273*"Table"
899*"Table"	1.2186387613164403*^274*"Table"
900*"Table"	5.41365291623771*^273*"Table"
901*"Table"	-3.3385031276917667*^274*"Table"
902*"Table"	-1.2513621937163998*^275*"Table"
903*"Table"	-2.485033153766426*^275*"Table"
904*"Table"	-2.5174544487382607*^275*"Table"
905*"Table"	2.4514102903579963*^275*"Table"
906*"Table"	1.7898787969179422*^276*"Table"
907*"Table"	4.50923887172918*^276*"Table"
908*"Table"	6.543493891916404*^276*"Table"
909*"Table"	1.640033106282531*^276*"Table"
910*"Table"	-2.1830796083094388*^277*"Table"
911*"Table"	-7.402169782115806*^277*"Table"
912*"Table"	-1.384404812761999*^278*"Table"
913*"Table"	-1.2254264700591878*^278*"Table"
914*"Table"	1.9113567431995087*^278*"Table"
915*"Table"	1.092585245728757*^279*"Table"
916*"Table"	2.5820642993900265*^279*"Table"
917*"Table"	3.4688646887461463*^279*"Table"
918*"Table"	8.210240769596043*^277*"Table"
919*"Table"	-1.399972806819739*^280*"Table"
920*"Table"	-4.348520120515384*^280*"Table"
921*"Table"	-7.650182317211297*^280*"Table"
922*"Table"	-5.711133613247634*^280*"Table"
923*"Table"	1.3830968013143132*^281*"Table"
924*"Table"	6.609371468820421*^281*"Table"
925*"Table"	1.46876041250519*^282*"Table"
926*"Table"	1.8111469153153723*^282*"Table"
927*"Table"	-4.527892713614248*^281*"Table"
928*"Table"	-8.837192866077876*^282*"Table"
929*"Table"	-2.5376383834318003*^283*"Table"
930*"Table"	-4.19012668307548*^283*"Table"
931*"Table"	-2.4875403465180488*^283*"Table"
932*"Table"	9.549756912819885*^283*"Table"
933*"Table"	3.965395248859985*^284*"Table"
934*"Table"	8.297800407240706*^284*"Table"
935*"Table"	9.281252165671484*^284*"Table"
936*"Table"	-5.488890863807511*^284*"Table"
937*"Table"	-5.505254436030301*^285*"Table"
938*"Table"	-1.4712336721098134*^286*"Table"
939*"Table"	-2.2724298819126067*^286*"Table"
940*"Table"	-9.587134745840522*^285*"Table"
941*"Table"	6.382294100320533*^286*"Table"
942*"Table"	2.3610038468982043*^287*"Table"
943*"Table"	4.654416866647948*^287*"Table"
944*"Table"	4.644238619915253*^287*"Table"
945*"Table"	-4.810526942261759*^287*"Table"
946*"Table"	-3.3909214478287955*^288*"Table"
947*"Table"	-8.474552158581413*^288*"Table"
948*"Table"	-1.2186427187317325*^289*"Table"
949*"Table"	-2.738604446982105*^288*"Table"
950*"Table"	4.163236383733809*^289*"Table"
951*"Table"	1.3956801328905046*^290*"Table"
952*"Table"	2.59099126762163*^290*"Table"
953*"Table"	2.250961336612141*^290*"Table"
954*"Table"	-3.7085067774912964*^290*"Table"
955*"Table"	-2.0679096732146573*^291*"Table"
956*"Table"	-4.849726562646997*^291*"Table"
957*"Table"	-6.45047806333418*^291*"Table"
958*"Table"	4.617744857593985*^289*"Table"
959*"Table"	2.66470693700108*^292*"Table"
960*"Table"	8.193971971756322*^292*"Table"
961*"Table"	1.4305623921147942*^293*"Table"
962*"Table"	1.0422896669402268*^293*"Table"
963*"Table"	-2.665679776313978*^293*"Table"
964*"Table"	-1.2498710246638499*^294*"Table"
965*"Table"	-2.756938885687511*^294*"Table"
966*"Table"	-3.361536815552764*^294*"Table"
967*"Table"	9.675462921056141*^293*"Table"
968*"Table"	1.679465513092441*^295*"Table"
969*"Table"	4.77877403859914*^295*"Table"
970*"Table"	7.827898018386159*^295*"Table"
971*"Table"	4.490625726520695*^295*"Table"
972*"Table"	-1.8324219985569726*^296*"Table"
973*"Table"	-7.492990674461598*^296*"Table"
974*"Table"	-1.5565001706454904*^297*"Table"
975*"Table"	-1.7184671659560997*^297*"Table"
976*"Table"	1.0991436098017374*^297*"Table"
977*"Table"	1.0448968893514012*^298*"Table"
978*"Table"	2.7688856645126356*^298*"Table"
979*"Table"	4.240594474970308*^298*"Table"
980*"Table"	1.6926690986498468*^298*"Table"
981*"Table"	-1.2207766817881291*^299*"Table"
982*"Table"	-4.4581516999366416*^299*"Table"
983*"Table"	-8.724477102042177*^299*"Table"
984*"Table"	-8.571380458233693*^299*"Table"
985*"Table"	9.431129662435987*^299*"Table"
986*"Table"	6.4288724239821*^300*"Table"
987*"Table"	1.5939511317396381*^301*"Table"
988*"Table"	2.2711431589804916*^301*"Table"
989*"Table"	4.503561602537056*^300*"Table"
990*"Table"	-7.944264257307151*^301*"Table"
991*"Table"	-2.6336131189980182*^302*"Table"
992*"Table"	-4.852869329918255*^302*"Table"
993*"Table"	-4.1355905227441705*^302*"Table"
994*"Table"	7.19435830284331*^302*"Table"
995*"Table"	3.9167892823723133*^303*"Table"
996*"Table"	9.115995020185594*^303*"Table"
997*"Table"	1.2002568292910974*^304*"Table"
998*"Table"	-4.646842226335564*^302*"Table"
999*"Table"	-5.075235769830736*^304*"Table"
1000*"Table"	-1.5451866300034003*^305*"Table"