-100	7.368706878095147e28	1.906911409362378e29
-99	8.915126040249408e28	4.811881212127898e28
-98	4.908066711385827e28	-1.0573153204252364e28
-97	1.508841255197323e28	-1.9786214798786657e28
-96	-6.855676235289186e26	-1.231371954968348e28
-95	-4.223402277918333e27	-4.419313111303396e27
-94	-3.0146706847507563e27	-3.053544030327735e26
-93	-1.2344550445430636e27	8.55768541178963e26
-92	-1.8963965504274e26	7.200938049147804e26
-91	1.6044997077796244e26	3.3248744542276744e26
-90	1.6757191888384075e26	7.364393651523733e25
-89	8.6888833853715e25	-2.6217585678516105e25
-88	2.430941719914637e25	-3.78736642481285e25
-87	-3.0366694238004073e24	-2.2109937732124887e25
-86	-8.268304086663592e24	-7.357674941562039e24
-85	-5.488244336666332e24	-1.1015459111357475e23
-84	-2.1049912645314287e24	1.7269146809949225e24
-83	-2.373068316278252e23	1.3295579561987272e24
-82	3.389832892572522e23	5.778964825314353e23
-81	3.1410488227198543e23	1.0870656005294635e23
-80	1.535153259802956e23	-6.023968476830491e22
-79	3.849077523083916e22	-7.220864532195643e22
-78	-8.757486783896018e21	-3.964899067069146e22
-77	-1.608682939430281e22	-1.2135355069375963e22
-76	-9.98251094444838e21	6.080138135180752e20
-75	-3.5707866014713465e21	3.44834075060095e21
-74	-2.3550138070901195e20	2.452848782273973e21
-73	7.021961736702721e20	1.0016878514672283e21
-72	5.8813107571875774e20	1.5159551105298642e20
-71	2.7091123369474562e20	-1.3249189486236264e20
-70	5.953191175553456e19	-1.3741671637687955e20
-69	-2.1859434297247568e19	-7.1090546275114705e19
-68	-3.119330828267485e19	-1.979027795019944e19
-67	-1.816640463338628e19	2.592805639564068e18
-66	-6.024319027911236e18	6.842416487000965e18
-65	-6.691552439515366e16	4.5291190535652644e18
-64	1.436827154569236e18	1.7325717652304292e18
-63	1.1022418935313417e18	1.906965009522041e17
-62	4.7807517381702586e17	-2.83861422199174e17
-61	8.899907648059958e16	-2.616681846877964e17
-60	-5.0877960857843944e16	-1.2764727074061384e17
-59	-6.046747935954876e16	-3.181744510524375e16
-58	-3.314073489017898e16	7.506770743853848e15
-57	-1.0105758562922926e16	1.354735844357166e16
-56	5.564125516777935e14	8.389429438141264e15
-55	2.9222173935372605e15	2.993420734623186e15
-54	2.0732417583785042e15	1.8771737697727712e14
-53	8.451584285473595e14	-5.993456776040246e14
-52	1.2601235189367156e14	-5.001446762346871e14
-51	-1.1408191213356144e14	-2.300710421384395e14
-50	-1.1762396851235777e14	-5.019264625446192e13
-49	-6.078151823312664e13	1.905638230627128e13
-48	-1.685251289386279e13	2.6890056764245914e13
-47	2.321114165444129e12	1.5642247623056516e13
-46	5.944568829688605e12	5.1753656434947e12
-45	3.929199599019555e12	3.608671210215234e10
-44	1.5012133200197126e12	-1.2592511076461963e12
-43	1.611797619385282e11	-9.639651908826339e11
-42	-2.513270815319433e11	-4.178685995565503e11
-41	-2.3084090944174722e11	-7.704979755776195e10
-40	-1.1259669687207402e11	4.562813028564169e10
-39	-2.7941704479759247e10	5.385236073598605e10
-38	6.866538138796818e9	2.951909740346501e10
-37	1.2192197078499544e10	8.984635129651943e9
-36	7.551399875959137e9	-5.454061056870332e8
-35	2.6936308311167207e9	-2.6608730553930984e9
-34	1.595594236485557e8	-1.8875585002407968e9
-33	-5.531030037777586e8	-7.700902396541173e8
-32	-4.610918348354747e8	-1.13200912722051e8
-31	-2.1245635328531715e8	1.0697485405001926e8
-30	-4.6117602577984646e7	1.0995571318250638e8
-29	1.8247717579155825e7	5.695037868306652e7
-28	2.5530852772811923e7	1.5776182065320354e7
-27	1.4893469307325114e7	-2.3078367382081607e6
-26	4.935746898984153e6	-5.744444080346798e6
-25	9797.716949721565	-3.808789911444038e6
-24	-1.2418346046719141e6	-1.4604001774254201e6
-23	-953545.5295523312	-152736.94500702858
-22	-415521.21477243595	253881.0300549353
-21	-76155.65542064216	233697.76938210614
-20	47489.3702650618	114775.19736006626
-19	56003.450500973675	28527.315438177717
-18	30962.32727977375	-7454.337021846395
-17	9484.454401869398	-13087.268169819337
-16	-659.4969043585425	-8190.710020205615
-15	-2967.254534635067	-2952.707887344147
-14	-2131.281170574877	-160.93768965248148
-13	-882.6466165061377	646.6356491651405
-12	-128.51162615653857	546.948552454247
-11	132.95439829016448	257.2052073505191
-10	138.84046594163277	56.37045855390657
-9	73.93572985761625	-24.712783168678325
-8	20.973955610730236	-35.01672516488152
-7	-3.632930242507921	-21.239402579572197
-6	-8.858315966045044	-7.334746540847962
-5	-6.230082478666359	0.11603438155020183
-4	-2.56341655725858	2.2926903226993005
-3	-0.22138024959869368	1.937586785266043
-2	0.7517341827138085	0.9722916273066612
-1	0.984381781213087	0.24956604003665972
0	1.	0.
1	0.984381781213087	0.24956604003665972
2	0.7517341827138085	0.9722916273066612
3	-0.22138024959869368	1.937586785266043
4	-2.56341655725858	2.2926903226993005
5	-6.230082478666359	0.11603438155020183
6	-8.858315966045044	-7.334746540847962
7	-3.632930242507921	-21.239402579572197
8	20.973955610730236	-35.01672516488152
9	73.93572985761625	-24.712783168678325
10	138.84046594163277	56.37045855390657
11	132.95439829016448	257.2052073505191
12	-128.51162615653857	546.948552454247
13	-882.6466165061377	646.6356491651405
14	-2131.281170574877	-160.93768965248148
15	-2967.254534635067	-2952.707887344147
16	-659.4969043585425	-8190.710020205615
17	9484.454401869398	-13087.268169819337
18	30962.32727977375	-7454.337021846395
19	56003.450500973675	28527.315438177717
20	47489.3702650618	114775.19736006626
21	-76155.65542064216	233697.76938210614
22	-415521.21477243595	253881.0300549353
23	-953545.5295523312	-152736.94500702858
24	-1.2418346046719141e6	-1.4604001774254201e6
25	9797.716949721565	-3.808789911444038e6
26	4.935746898984153e6	-5.744444080346798e6
27	1.4893469307325114e7	-2.3078367382081607e6
28	2.5530852772811923e7	1.5776182065320354e7
29	1.8247717579155825e7	5.695037868306652e7
30	-4.6117602577984646e7	1.0995571318250638e8
31	-2.1245635328531715e8	1.0697485405001926e8
32	-4.610918348354747e8	-1.13200912722051e8
33	-5.531030037777586e8	-7.700902396541173e8
34	1.595594236485557e8	-1.8875585002407968e9
35	2.6936308311167207e9	-2.6608730553930984e9
36	7.551399875959137e9	-5.454061056870332e8
37	1.2192197078499544e10	8.984635129651943e9
38	6.866538138796818e9	2.951909740346501e10
39	-2.7941704479759247e10	5.385236073598605e10
40	-1.1259669687207402e11	4.562813028564169e10
41	-2.3084090944174722e11	-7.704979755776195e10
42	-2.513270815319433e11	-4.178685995565503e11
43	1.611797619385282e11	-9.639651908826339e11
44	1.5012133200197126e12	-1.2592511076461963e12
45	3.929199599019555e12	3.608671210215234e10
46	5.944568829688605e12	5.1753656434947e12
47	2.321114165444129e12	1.5642247623056516e13
48	-1.685251289386279e13	2.6890056764245914e13
49	-6.078151823312664e13	1.905638230627128e13
50	-1.1762396851235777e14	-5.019264625446192e13
51	-1.1408191213356144e14	-2.300710421384395e14
52	1.2601235189367156e14	-5.001446762346871e14
53	8.451584285473595e14	-5.993456776040246e14
54	2.0732417583785042e15	1.8771737697727712e14
55	2.9222173935372605e15	2.993420734623186e15
56	5.564125516777935e14	8.389429438141264e15
57	-1.0105758562922926e16	1.354735844357166e16
58	-3.314073489017898e16	7.506770743853848e15
59	-6.046747935954876e16	-3.181744510524375e16
60	-5.0877960857843944e16	-1.2764727074061384e17
61	8.899907648059958e16	-2.616681846877964e17
62	4.7807517381702586e17	-2.83861422199174e17
63	1.1022418935313417e18	1.906965009522041e17
64	1.436827154569236e18	1.7325717652304292e18
65	-6.691552439515366e16	4.5291190535652644e18
66	-6.024319027911236e18	6.842416487000965e18
67	-1.816640463338628e19	2.592805639564068e18
68	-3.119330828267485e19	-1.979027795019944e19
69	-2.1859434297247568e19	-7.1090546275114705e19
70	5.953191175553456e19	-1.3741671637687955e20
71	2.7091123369474562e20	-1.3249189486236264e20
72	5.8813107571875774e20	1.5159551105298642e20
73	7.021961736702721e20	1.0016878514672283e21
74	-2.3550138070901195e20	2.452848782273973e21
75	-3.5707866014713465e21	3.44834075060095e21
76	-9.98251094444838e21	6.080138135180752e20
77	-1.608682939430281e22	-1.2135355069375963e22
78	-8.757486783896018e21	-3.964899067069146e22
79	3.849077523083916e22	-7.220864532195643e22
80	1.535153259802956e23	-6.023968476830491e22
81	3.1410488227198543e23	1.0870656005294635e23
82	3.389832892572522e23	5.778964825314353e23
83	-2.373068316278252e23	1.3295579561987272e24
84	-2.1049912645314287e24	1.7269146809949225e24
85	-5.488244336666332e24	-1.1015459111357475e23
86	-8.268304086663592e24	-7.357674941562039e24
87	-3.0366694238004073e24	-2.2109937732124887e25
88	2.430941719914637e25	-3.78736642481285e25
89	8.6888833853715e25	-2.6217585678516105e25
90	1.6757191888384075e26	7.364393651523733e25
91	1.6044997077796244e26	3.3248744542276744e26
92	-1.8963965504274e26	7.200938049147804e26
93	-1.2344550445430636e27	8.55768541178963e26
94	-3.0146706847507563e27	-3.053544030327735e26
95	-4.223402277918333e27	-4.419313111303396e27
96	-6.855676235289186e26	-1.231371954968348e28
97	1.508841255197323e28	-1.9786214798786657e28
98	4.908066711385827e28	-1.0573153204252364e28
99	8.915126040249408e28	4.811881212127898e28
100	7.368706878095147e28	1.906911409362378e29
101	-1.369467405332331e29	3.891596435577085e29
102	-7.203262051858929e29	4.175266724513425e29
103	-1.652654020412238e30	-3.0381426920549053e29
104	-2.1374889223559986e30	-2.633120144765992e30
105	1.727473502706985e29	-6.843256846572703e30
106	9.238726269020936e30	-1.027479803391642e31
107	2.765198029754563e31	-3.6525224664874636e30
108	4.722714065070332e31	3.065805859850674e31
109	3.2274481634662286e31	1.0899011538629395e32
110	-9.34091959794147e31	2.0960917767326156e32
111	-4.182937606573982e32	1.992105445176731e32
112	-9.033511745620501e32	-2.4287585442109942e32
113	-1.0680697676063905e33	-1.5577391961436426e33
114	4.0380434977733284e32	-3.7922721297180196e33
115	5.594589662278043e33	-5.29190445870469e33
116	1.5530903179668038e34	-7.847927335363147e32
117	2.4873254815695213e34	1.917010509095742e34
118	1.303772695910291e34	6.206417175142329e34
119	-6.141020247914413e34	1.1239583242116547e35
120	-2.4175738721410014e35	9.200088423774187e34
121	-4.9192206179811584e35	-1.7594223735853208e35
122	-5.2449439995281165e35	-9.156270054624239e35
123	3.96065281503487e35	-2.094233176193819e36
124	3.356291729494804e36	-2.696216897764219e36
125	8.692282455215279e36	2.638320821491403e35
126	1.3002656192169399e37	1.181206245977887e37
127	4.46755887795868e36	3.5204491980885393e37
128	-3.9340440717626915e37	5.993067098795295e37
129	-1.3907581315170765e38	4.0413837641209217e37
130	-2.6664911383875946e38	-1.204598977617331e38
131	-2.5145656674339627e38	-5.349979583448402e38
132	3.159693233450586e38	-1.1518021047952373e39
133	1.9971711238480486e39	-1.3544818766386239e39
134	4.8457372847905696e39	5.4091553473530185e38
135	6.733640761467037e39	7.191676260697082e39
136	9.036029531310105e38	1.9886802554059874e40
137	-2.4717721288550274e40	3.173653099436245e40
138	-7.963504301429288e40	1.6306989819038741e40
139	-1.4375051695012912e41	-7.949188600562078e40
140	-1.1648981645997997e41	-3.108454359364297e41
141	2.29124397059623e41	-6.30509340550584e41
142	1.1798202028143434e42	-6.679066012457205e41
143	2.6896462326927038e42	5.2280958501824796e41
144	3.446183231275977e42	4.3346797154703147e42
145	-3.962358839357327e41	1.1185143701705753e43
146	-1.5295153212864258e43	1.6666402206738838e43
147	-4.538633097285452e43	5.5262592310377525e42
148	-7.699860365569454e43	-5.110407696141231e43
149	-5.121607763813977e43	-1.796377494727618e44
150	1.5718560121610306e44	-3.4330393890016584e44
151	6.9236935443038515e44	-3.211569922314285e44
152	1.4857567117177783e45	4.156730463429009e44
153	1.7374462685505138e45	2.5899438403208213e45
154	-7.310813475395544e44	6.26203477573306e45
155	-9.34739712386975e45	8.663823822641544e45
156	-2.574432743787954e46	1.0394319157566622e45
157	-4.093247903667643e46	-3.221342781146392e46
158	-2.0603905709825761e46	-1.0327016184094252e47
159	1.0396580335402574e47	-1.8578689408870146e47
160	4.038136944295534e47	-1.4900929615180485e47
161	8.16399917768219e47	3.013496109961792e47
162	8.590655511099747e47	1.5355146310434273e48
163	-6.964011217906661e47	3.4886408404180086e48
164	-5.652856339603326e48	4.447816192375695e48
165	-1.453181475332348e49	-5.881856686092957e47
166	-2.156572987481794e49	-1.999263953168834e49
167	-6.889407748119474e48	-5.906180120231039e49
168	6.69934920779357e49	-9.984327754236588e49
169	2.3414581682433106e50	-6.548266068004889e49
170	4.4597726600696575e50	2.0692024743638373e50
171	4.137913851566832e50	9.039785992306288e50
172	-5.5141096070689615e50	1.9333452930592217e51
173	-3.387620290411941e51	2.2479073221161063e51
174	-8.16137139332547e51	-9.945048445037529e50
175	-1.1241097577133276e52	-1.225115425517093e52
176	-1.1873826864567371e51	-3.3604216329349103e52
177	4.232402758112397e52	-5.322626581414112e52
178	1.3500438445888494e53	-2.622965489900824e52
179	2.4203692036774423e53	1.3704678923074912e53
180	1.92085674878424e53	5.287246258564755e53
181	-3.993392150767141e53	1.0653422554976607e54
182	-2.0137981681120272e54	1.1133876627228131e54
183	-4.559409485882433e54	-9.340119737227683e53
184	-5.783574711312265e54	-7.427047011177343e54
185	8.65635768275574e53	-1.9019907913445156e55
186	2.632310886893961e55	-2.810958242466996e55
187	7.741409561891786e55	-8.636026192888736e54
188	1.3039153235895944e56	8.84444123312567e55
189	8.4292162007321e55	3.0734817344835415e56
190	-2.742522150755116e56	5.834035970025915e56
191	-1.1883912926028583e57	5.367759109535697e56
192	-2.5329300228157038e57	-7.361957004554744e56
193	-2.9278337167014484e57	-4.4607407997945604e57
194	1.3593826643261154e57	-1.0707653828282933e58
195	1.6162123009169988e58	-1.4680840168767722e58
196	4.4149200103115444e58	-1.3381002950493385e57
197	6.96572765568705e58	5.596255151748253e58
198	3.358358584093565e58	1.7761220206272153e59
199	-1.8177146350487309e59	3.173000492697003e59
200	-6.965727972432316e59	2.491152163279957e59
201	-1.398742246836185e60	-5.32332525971684e59
202	-1.4516853222612159e60	-2.6570766521314806e60
203	1.2593968475346633e60	-5.994664908063542e60
204	9.815867227880295e60	-7.565003582852809e60
205	2.5040555128782655e61	1.2655322502176792e60
206	3.685180548411065e61	3.485825909708533e61
207	1.086677715101175e61	1.0205275475046807e62
208	-1.1742016884686127e62	1.7125505266952758e62
209	-4.057062879252659e62	1.0908336508131096e62
210	-7.674291669307239e62	-3.6546949901076904e62
211	-7.000814432444583e62	-1.570883979122987e63
212	9.879363660114191e62	-3.336567004195691e63
213	5.905402697602326e63	-3.833836014009573e63
214	1.4123405009538574e64	1.8649944373122238e63
215	1.9274101152128836e64	2.1433671118379405e64
216	1.474806711137018e63	5.830661494075597e64
217	-7.437532156387637e64	9.163177302744514e64
218	-2.348640730112483e65	4.31914109219982e64
219	-4.1807565409203655e65	-2.4229242937616605e65
220	-3.2464333704884746e65	-9.223081517459557e65
221	7.130041753241693e65	-1.8456088210389735e66
222	3.523050979816895e66	-1.9019583577823585e66
223	7.920131417274679e66	1.7053694981585e66
224	9.94256269070977e66	1.3035324390817293e67
225	-1.84041832681196e66	3.312448084476402e67
226	-4.6377506983642233e67	4.8540690240404274e67
227	-1.3516309413135802e68	1.3708416305486344e67
228	-2.25966567375197e68	-1.5660162451201072e68
229	-1.417692213601763e68	-5.379987520641541e68
230	4.891792179544196e68	-1.014092712532567e69
231	2.0858222417319777e69	-9.170835615317357e68
232	4.414790893185078e69	1.3312600248481276e69
233	5.042142324513958e69	7.852368188279095e69
234	-2.566027504995101e69	1.8710353161012015e70
235	-2.8547135051504444e70	2.5413638061481317e70
236	-7.733474027642098e70	1.5689515316934166e69
237	-1.2105022283040414e71	-9.926233801765373e70
238	-5.574291466322854e70	-3.118796066965863e71
239	3.242852018531076e71	-5.531569540432343e71
240	1.226245113223744e72	-4.2474406563155717e71
241	2.445225005353314e72	9.587346926550606e71
242	2.5018371741909464e72	4.6901919339706985e72
243	-2.317246366493546e72	1.0506198142386221e73
244	-1.7379467321203e73	1.3119049972835668e73
245	-4.399149431429193e73	-2.6649382281423155e72
246	-6.418667333905738e73	-6.194317222792784e73
247	-1.7319123006300157e73	-1.7971118838470705e74
248	2.0964884074297115e74	-2.9930272240255634e74
249	7.161495612118922e74	-1.8488984529823779e74
250	1.3451031528824532e75	6.571623660714683e74
251	1.2057140702452187e75	2.7799231955703886e75
252	-1.8000326964531919e75	5.8631578549401744e75
253	-1.0479562850448685e76	6.655360734486891e75
254	-2.4877592492416915e76	-3.538612245296507e75
255	-3.362936026971188e76	-3.815819383363061e76
256	-1.5737703281151692e75	-1.0294091354506794e77
257	1.3294270609205346e77	-1.6048080615055754e77
258	4.156108717457117e77	-7.214149775828296e76
259	7.344408974334158e77	4.355081572405045e77
260	5.575306830023545e77	1.635991547847463e78
261	-1.293363242050447e78	3.2507922093730887e78
262	-6.265238402308836e78	3.301890119663214e78
263	-1.398382587029514e79	-3.1576222738667725e78
264	-1.736782216339464e79	-2.3248685612959614e79
265	3.845020304615741e78	-5.861807830301861e79
266	8.300360607923244e79	-8.515438175935995e79
267	2.3972393801469e80	-2.189454601733168e79
268	3.9772353808408953e80	2.815604677832848e80
269	2.418164506814734e80	9.563603645303088e80
270	-8.855502011752475e80	1.7898525146533936e81
271	-3.7167179153413494e81	1.5900135887140237e81
272	-7.81116470390114e81	-2.440842008255403e81
273	-8.811635993650193e81	-1.4029183164773587e82
274	4.888736278038825e81	-3.317999495132319e82
275	5.116040080588365e82	-4.463643185623965e82
276	1.374427380449848e83	-1.414757284967146e81
277	2.1339524119011869e83	1.785815406471508e83
278	9.356879119951276e82	5.55502438901797e83
279	-5.865719137306059e83	9.780301295632752e83
280	-2.1890848320880827e84	7.338406149470899e83
281	-4.334393156928555e84	-1.749602746471217e84
282	-4.370090233842203e84	-8.393451827312648e84
283	4.31298838318737e84	-1.866622600803855e85
284	3.118844539299955e85	-2.3057482300518334e85
285	7.832956801932742e85	5.53083657855508e84
286	1.1328758797133252e86	1.1153450850231784e86
287	2.76742763115545e85	3.2067129039353365e86
288	-3.7916695549511914e86	5.29969801009835e86
289	-1.280656781888838e87	3.1702242679063904e86
290	-2.388155135374456e87	-1.1964422932290144e87
291	-2.102221598142896e87	-4.982650372749874e87
292	3.31780624237933e87	-1.043439674134398e88
293	1.8831097887369087e88	-1.1697034138379653e88
294	4.437056764775752e88	6.763971344793218e87
295	5.940049810039797e88	6.877217786325249e88
296	9.756309083116024e86	1.8398797989356085e89
297	-2.4050107701625813e89	2.844890933375188e89
298	-7.443923742170442e89	1.2156857189589455e89
299	-1.3057315842043627e90	-7.919961826495374e89
300	-9.681529229335984e89	-2.9365929560917307e90
301	2.3723671235736234e90	-5.793747798471491e90
302	1.1272636341611498e91	-5.797843543718329e90
303	2.497839690766057e91	5.902901888643644e90
304	3.068531333071929e91	4.194230064124281e91
305	-7.935081428002078e90	1.0492583805912583e92
306	-1.502325539355919e92	1.5107878689412613e92
307	-4.299877959648332e92	3.494820221976982e91
308	-7.078749706126802e92	-5.118073824242017e92
309	-4.1644317503462786e92	-1.71900002948726e93
310	1.6201320628371364e93	-3.1939746810392783e93
311	6.695412805704224e93	-2.7855886217046235e93
312	1.3971071942770076e94	4.519215125837014e93
313	1.556228898512833e94	2.533485950285718e94
314	-9.369815334846838e93	5.9471818330735465e94
315	-9.265594502464042e94	7.922612164447558e94
316	-2.468545323776437e95	7.77515144801433e91
317	-3.801168236065361e95	-3.2460728272262666e95
318	-1.58155396145643e95	-9.9974224472728e95
319	1.0716616966490085e96	-1.7470945307747675e96
320	3.948034547600802e96	-1.2798168046875424e96
321	7.761410768642407e96	3.223355768689842e96
322	7.70812386811428e96	1.5172310394158767e97
323	-8.092692377381653e96	3.349737055283623e97
324	-5.652445436106335e97	4.0922557228363725e97
325	-1.4085270571521848e98	-1.135873806688169e97
326	-2.0189935141244616e98	-2.027807421416987e98
327	-4.406176948080155e97	-5.777844293519569e98
328	6.922584683132948e98	-9.474687923697314e98
329	2.3121711461736173e99	-5.479533733310501e98
330	4.280496144713825e99	2.198168576072066e99
331	3.698159687237021e99	9.015340309001e99
332	-6.166701807441946e99	1.874457739923958e100
333	-3.4153504855214148e100	2.0745448694665133e100
334	-7.987305296790256e100	-1.2992465117390738e100
335	-1.0587670701301083e101	-1.2508129994727848e101
336	1.549940652841668e99	-3.3185970751914914e101
337	4.3897501286043556e101	-5.088828036413276e101
338	1.3453167451332335e102	-2.0595480440950577e101
339	2.3421829475399764e102	1.4528054583836653e102
340	1.6946961905128864e102	5.318102829525737e102
341	-4.387371969297391e102	1.0417296113638105e103
342	-2.045993061646875e103	1.0266451301919682e103
343	-4.500706910357264e103	-1.111107165079842e103
344	-5.467574873898827e103	-7.631911011362397e103
345	1.6227380507315746e103	-1.8943574966429608e104
346	2.7421215775695317e104	-2.7031198513071688e104
347	7.778203889457728e104	-5.541847849477098e103
348	1.2704778434947477e105	9.380101310084895e104
349	7.219995667055351e104	3.1157117712243975e105
350	-2.9875700732230927e105	5.747030266629567e105
351	-1.2160992574634441e106	4.917864783316777e105
352	-2.519417806519223e106	-8.427913857898714e105
353	-2.7702507308853104e106	-4.6123506753493504e106
354	1.8030550697984485e106	-1.0746307169788226e107
355	1.6914861083034568e107	-1.4173716815523608e107
356	4.46918888244825e107	4.3146699866224136e105
357	6.824444503087122e107	5.946508977314012e107
358	2.6838369037932382e107	1.8134780856202038e108
359	-1.9727635078413605e108	3.1453479998847447e108
360	-7.17585811051238e108	2.2473711080590987e108
361	-1.4005738594192554e109	-5.981033563228848e108
362	-1.3695711005329903e109	-2.7636774612593344e109
363	1.5274543514961056e109	-6.057310019946473e109
364	1.0321655280476721e110	-7.316981793887035e109
365	2.5519938277258072e110	2.3142292498721483e109
366	3.624950272467754e110	3.714088076589784e110
367	6.94768778358595e109	1.0488302935051964e111
368	-1.2730174488986628e111	1.7063664330823796e111
369	-4.20531042126187e111	9.5243809562913e110
370	-7.728415558166488e111	-4.066624296406017e111
371	-6.549368442262636e111	-1.6430469023799813e112
372	1.153402253846069e112	-3.391687575544631e112
373	6.238686127597286e112	-3.70488466087295e112
374	1.4481120522252458e113	2.503935720520096e112
375	1.9003463820555154e113	2.2909549762546922e113
376	-8.823270925063332e111	6.028083175500982e113
377	-8.067553606433237e113	9.166039613006741e113
378	-2.4483212715363455e114	3.4988150827521124e113
379	-4.2303631259287033e114	-2.6827425089440156e114
380	-2.984084009245705e114	-9.697299578642524e114
381	8.164785070306982e114	-1.885874277987822e115
382	3.73870578926037e115	-1.8296159489531033e115
383	8.164477399886999e115	2.1021245164186674e115
384	9.806071898385125e115	1.3979960342613156e116
385	-3.2952416127340566e115	3.4430241862296334e116
386	-5.037859348353766e116	4.8681883025357646e116
387	-1.4163373953021693e117	8.673767021022534e115
388	-2.295113358791718e117	-1.7301077727916827e117
389	-1.2576442603899109e117	-5.684167117463063e117
390	5.542875686282369e117	-1.0407825781393215e118
391	2.2230577377629005e118	-8.733287256297251e117
392	4.5724486849700595e118	1.5803923720425274e118
393	4.961531709742886e118	8.450352371603973e118
394	-3.479244895847267e118	1.9541438864108072e119
395	-3.1071707608103208e119	2.5513802054519217e119
396	-8.142069866909138e119	-1.5973937507139418e118
397	-1.232792834718247e120	-1.0959957272076297e120
398	-4.562054347764009e119	-3.309959979698862e120
399	3.6530077399943097e120	-5.697416233680451e120
400	1.3122564765994032e121	-3.9666827136719795e120
401	2.5427674944822608e121	1.1159467274409223e121
402	2.4472439439022847e121	5.064518956043966e121
403	-2.8957872096037084e121	1.1019429745179229e122
404	-1.895991838469639e122	1.3158811720839156e122
405	-4.651328709041844e122	-4.685557107609557e121
406	-6.5462895426095326e122	-6.842310917597494e122
407	-1.0771406048771547e122	-1.9151316535218866e123
408	2.35428906344647e123	-3.090991060838457e123
409	7.693066514919088e123	-1.6619794278982103e123
410	1.403422217420045e124	7.564127254696614e123
411	1.1658594997881529e124	3.0116763085825128e124
412	-2.167769569406694e124	6.172149816119138e124
413	-1.1460546640124832e125	6.652414717161596e124
414	-2.6403447678812458e125	-4.83675434514557e124
415	-3.429646614936091e125	-4.219423871909182e125
416	2.7088558093639664e124	-1.1011202311463699e126
417	1.4907444596478644e126	-1.6600911163891148e126
418	4.480387292248019e126	-5.948053912420878e125
419	7.682633717935304e126	4.9800216205226646e126
420	5.277896344810715e126	1.777946817325e127
421	-1.5269179509934248e127	3.4326478007648786e127
422	-6.868789659389522e127	3.277006469020028e127
423	-1.489067574983179e128	-3.9924754803693095e127
424	-1.767824359697549e128	-2.5744472474205193e128
425	6.654079071823862e127	-6.2912047051653744e128
426	9.303932375508743e128	-8.81310702090933e128
427	2.5926575956945134e129	-1.328747451423527e128
428	4.167710638250758e129	3.207298298641621e129
429	2.1977299924103357e129	1.0424160271479658e130
430	-1.0333599323057874e130	1.894614251016239e130
431	-4.084778774596074e130	1.5579318805470679e130
432	-8.341129951590052e130	-2.9762864863878636e130
433	-8.92917137663029e130	-1.5560783575927253e131
434	6.726617712994968e130	-3.571589122599962e131
435	5.736253151033534e131	-4.615326034623664e131
436	1.49082551828852e132	4.4103142480712444e130
437	2.2379748031707364e132	2.0298944775047283e132
438	7.752978908339518e131	6.071492611977987e132
439	-6.79626901454073e132	1.0371057070515472e133
440	-2.4115726015869175e133	7.028393691054398e132
441	-4.639061790820284e133	-2.0912832479371702e133
442	-4.392470301033957e133	-9.326045315062994e133
443	5.50861216333816e133	-2.014395079983278e134
444	3.499447677608499e134	-2.377456855240363e134
445	8.518469501090558e134	9.438839489307172e133
446	1.1877364653074552e135	1.2664528763902419e135
447	1.625433867657457e134	3.5136474744215464e135
448	-4.373856631282607e135	5.625428462167928e135
449	-1.4139830569612446e136	2.90766759513871e135
450	-2.5604137814452023e136	-1.4130821389624005e136
451	-2.0837011787667182e136	-5.54606283223784e136
452	4.089839554694292e136	-1.128411808625152e137
453	2.114984628141692e137	-1.1996770837803464e137
454	4.836300524337944e137	9.358045830249354e136
455	6.217107278886383e137	7.80630139503943e137
456	-6.984126774769152e136	2.0205328100479838e138
457	-2.7667833013062107e138	3.020055039662051e138
458	-8.236031472450773e138	1.01006082058172e138
459	-1.401432892271359e139	-9.28378433214873e138
460	-9.366224207482369e138	-3.2743086205121675e139
461	2.866770553349034e139	-6.275751238993792e139
462	1.2674969438875857e140	-5.892875514664528e139
463	2.727764228598873e140	7.605531179882476e139
464	3.200324543499344e140	4.761463366465329e140
465	-1.3375110960436495e140	1.1545636865496148e141
466	-1.725553464931973e141	1.6022340649212545e141
467	-4.766459407304828e141	1.967301932302248e140
468	-7.600290659340539e141	-5.970274178198407e141
469	-3.848426203179409e141	-1.9198515972376238e142
470	1.9340432817592144e142	-3.4635013194214135e142
471	7.53731062821311e142	-2.789100122107099e142
472	1.5280029794285425e143	5.624321105488854e142
473	1.6132362326225951e143	2.877349206684321e143
474	-1.3022543180199288e143	6.555051619915777e143
475	-1.0633219184521957e144	8.382379470659507e143
476	-2.7410230144789755e144	-1.0840599143336904e143
477	-4.079168505765267e144	-3.774587638315926e144
478	-1.3149741426885667e144	-1.1182640391243751e145
479	1.2692780061291264e145	-1.895480442537762e145
480	4.4497779897865596e145	-1.2489442853359354e145
481	8.497630279817643e145	3.9329589169254205e145
482	7.912131149293609e145	1.7242122459281101e146
483	-1.0506849227933718e146	3.6971185189857396e146
484	-6.484398363496695e146	4.31166898854131e146
485	-1.566266766377158e147	-1.8934891821333606e146
486	-2.1632642997464237e147	-2.3531420613590983e147
487	-2.3485910992796435e146	-6.471750467605602e147
488	8.15629021457786e147	-1.027743820201271e148
489	2.609007966447325e148	-5.094951608427383e147
490	4.6892185203051974e148	2.64918959351522e148
491	3.735910271422042e148	1.0252455383175895e149
492	-7.739867267769632e148	2.0709003275450585e149
493	-3.917892360837064e149	2.171080809658438e149
494	-8.892319513218254e149	-1.8126286509913699e149
495	-1.1311082608212447e150	-1.4496132458143387e150
496	1.6574059090791086e149	-3.721625546601116e150
497	5.153741408414831e150	-5.514309022207652e150
498	1.5196394219702122e151	-1.710333465727717e150
499	2.5658431065185695e151	1.7367307056738415e151
500	1.666298766389367e151	6.052335470746112e151
501	-5.399584553426457e151	1.1515771518076228e152
502	-2.3474472941399685e152	1.063097075921023e152
503	-5.015119508606123e152	-1.452256941903407e152
504	-5.813444178356704e152	-8.838012497745686e152
505	2.678234604749574e152	-2.1265350046430547e153
506	3.2115604655788244e153	-2.923064099095322e153
507	8.794348227973024e153	-2.7533637782792506e152
508	1.3908731853983626e154	1.1151369443426415e154
509	6.746356493361637e153	3.548425936786228e154
510	-3.631426875167965e154	6.35380485917264e154
511	-1.3956866804166708e155	5.0072420307739357e154
512	-2.8089332248793077e155	-1.0657807208133533e155
513	-2.9239276641954085e155	-5.338953668751496e155
514	2.523524142296603e155	-1.2072558765138722e156
515	1.9777758316209184e156	-1.5274534199870933e156
516	5.057029705680098e156	2.504295987941897e155
517	7.46006862352254e156	7.042138788923607e156
518	2.2219634202193595e156	2.066695957754639e157
519	-2.378060929155417e157	3.475959704619872e157
520	-8.238420691844869e157	2.224123527128745e157
521	-1.5617870481790755e158	-7.41801431028012e157
522	-1.429337924043492e158	-3.198402354408806e158
523	2.0082529038123725e158	-6.808186335288807e158
524	1.205497807126646e159	-7.843841637875367e158
525	2.8894124692676013e159	3.785161867672233e158
526	3.952604614391336e159	4.386356552756876e159
527	3.1488028069781636e158	1.195950460391541e160
528	-1.5257136820335917e160	1.8836915757329677e160
529	-4.829705506212044e160	8.933614251906408e159
530	-8.615640641392411e160	-4.981176442873643e160
531	-6.714910239772374e160	-1.9013798438415305e161
532	1.468412204420412e161	-3.812793147231106e161
533	7.280751895818014e161	-3.9404117807790136e161
534	1.6402183508594347e162	3.513802651279229e161
535	2.0641024874757955e162	2.7003036794116715e162
536	-3.748414719080925e161	6.876607899603338e162
537	-9.62917130009883e162	1.0099499535765738e163
538	-2.812716118678446e163	2.882554023400645e162
539	-4.712231963606398e163	-3.258384662865204e163
540	-2.9698133468993407e163	-1.1222123029121171e164
541	1.019709740313449e164	-2.1196198013961083e164
542	4.3609044017050517e164	-1.9228793342420948e164
543	9.24885467549668e164	2.7782818113428166e164
544	1.0590222833312355e165	1.6454306396776278e165
545	-5.345602256101329e164	3.928721277081469e165
546	-5.994962424380845e165	5.348340278478401e165
547	-1.6275155340377978e166	3.474941689451512e164
548	-2.552856606199204e166	-2.0888270333781392e166
549	-1.182965323187414e166	-6.578171870018356e166
550	6.836800764838513e166	-1.1690597306378361e167
551	2.592066576475984e167	-9.009360352286879e166
552	5.178931022022341e167	2.0241918422098992e167
553	5.313438844072952e167	9.935471185092145e167
554	-4.893350384598378e167	2.229963853744434e168
555	-3.6892224632046604e168	2.7910623278039587e168
556	-9.357180178229899e168	-5.567564574394475e167
557	-1.3681640373055761e169	-1.3175044134887296e169
558	-3.733232951117842e168	-3.830582552506359e169
559	4.467325457167169e169	-6.392374583634443e169
560	1.5296525780354318e170	-3.966743958888528e169
561	2.8785789444639457e170	1.4025070061345767e170
562	2.588210677501979e170	5.949811180643542e170
563	-3.8450204255151803e170	1.2572678135008261e171
564	-2.2473530688683097e171	1.4306680499089718e171
565	-5.345333311993702e171	-7.544119705232519e170
566	-7.241397591868088e171	-8.198629718410417e171
567	-3.62910096306973e170	-2.2162411550021826e172
568	2.861504969197718e172	-3.461902829523552e172
569	8.965349302991371e172	-1.56625773026837e172
570	1.5873000258760774e173	9.388991465522417e172
571	1.209302598639192e173	3.5358821109106815e173
572	-2.791638711934815e173	7.038986332657587e173
573	-1.3566605103339006e174	7.16879527574616e173
574	-3.0336545627417654e174	-6.815281755601673e173
575	-3.776251210309796e174	-5.043388173565058e174
576	8.216828787460937e173	-1.2740494434077107e175
577	1.8037363071792985e175	-1.8545402831833017e175
578	5.220020439174267e175	-4.825365506204042e174
579	8.676812632140799e175	6.128273644624693e175
580	5.299642935451816e175	2.0862982379668287e176
581	-1.929982943806132e176	3.911663119728136e176
582	-8.122548225746574e176	3.4854225083222696e176
583	-1.710134688976965e177	-5.323155553355425e176
584	-1.9337889209290772e177	-3.0712928316447333e177
585	1.0639988445901488e177	-7.277125449517264e177
586	1.1218848199779416e178	-9.810087914301022e177
587	3.019733734934744e178	-3.4425118220176917e176
588	4.69737183388024e178	3.922197088135238e178
589	2.0732947475970213e178	1.222606568304542e179
590	-1.2900629283442378e179	2.1564262519154906e179
591	-4.826186230901855e179	1.623830193818006e179
592	-9.572680148203649e179	-3.851705486352996e179
593	-9.676819127895808e179	-1.853552707997981e180
594	9.492942276888994e179	-4.129401675412766e180
595	6.8985225529078035e180	-5.111937757852443e180
596	1.735716980612876e181	1.2061492977353302e180
597	2.5152133464996414e181	2.4707736259247244e181
598	6.222535397533548e180	7.117525563136009e181
599	-8.41115435076508e181	1.1784241587534543e182
600	-2.8471281407626846e182	7.081754936452944e181
601	-5.318499055328485e182	-2.657078111393273e182
602	-4.6956880668259106e182	-1.1094950291518925e183
603	7.37179699090936e182	-2.32743175160944e183
604	4.199629944828947e183	-2.6151501899533573e183
605	9.91261159081478e183	1.499730299478168e183
606	1.3296949702948773e184	1.5359936435013313e184
607	2.6454645774970774e182	4.11682036449138e184
608	-5.3788508824498895e184	6.377176203825823e184
609	-1.6681911834992775e185	2.7436323153019607e184
610	-2.9312004180569465e185	-1.7734201813291864e185
611	-2.1811724063181115e185	-6.590939663502413e185
612	5.316399167161026e185	-1.3025448328990756e186
613	2.533799465127561e186	-1.306822132750743e186
614	5.623974137506496e186	1.322359680882529e186
615	6.923500961151074e186	9.44101442446101e186
616	-1.7623788746332854e186	2.3659500088033975e187
617	-3.3862173378866004e187	3.41300092010073e187
618	-9.709976990531562e187	8.002593051684814e186
619	-1.6012874518713282e188	-1.1550037181966517e188
620	-9.464395467748477e187	-3.887476210804823e188
621	3.659669337603143e188	-7.235093057379619e188
622	1.5163017752848963e189	-6.328672248343051e188
623	3.169209643394804e189	1.0211709258237162e189
624	3.538215983627624e189	5.745451796031991e189
625	-2.1127178755363956e189	1.3509613403733117e190
626	-2.104013098632092e190	1.803196362810988e190
627	-5.615396761374926e190	8.15672506274501e187
628	-8.662013499307945e190	-7.380041793655681e190
629	-3.6292592451492205e190	-2.2773423456259438e191
630	2.438966142247066e191	-3.986350809594552e191
631	9.005577270319961e191	-2.930649419612795e191
632	1.773256251415516e192	7.340720582218651e191
633	1.7655534776106247e192	3.4654311713360504e192
634	-1.8421430544287748e192	7.66335329656101e192
635	-1.292690388979609e193	9.381349644142334e192
636	-3.22664049490661e193	-2.56491988119591e192
637	-4.63345776977095e193	-4.643049644469465e193
638	-1.0259548738077308e193	-1.325330566319838e194
639	1.5867427797865306e194	-2.1769460439422042e194
640	5.310596088636459e194	-1.2649681550682428e194
641	9.847164866629419e194	5.0425692188198774e194
642	8.532545680096068e194	2.0732802588697482e195
643	-1.4149234227759192e195	4.3175482360386256e195
644	-7.864040956583654e195	4.789128584138785e195
645	-1.8420837327544353e196	-2.974688306743519e195
646	-2.446418136002827e196	-2.8834379405696098e196
647	2.6978258214783986e194	-7.663186856230773e196
648	1.013031449947113e197	-1.177094521606545e197
649	3.110423770291323e197	-4.7984032273130445e196
650	5.4238779260688506e197	3.3556706948843524e197
651	3.938622194554762e197	1.231068564336483e198
652	-1.0139202054605621e198	2.4152132286157757e198
653	-4.7418272415892903e198	2.3862194991571676e198
654	-1.0447186971490875e199	-2.5663522134812026e198
655	-1.2717143045347896e199	-1.770800071399792e199
656	3.7200426165538145e198	-4.402503969656019e199
657	6.369195118126622e199	-6.293132717270144e199
658	1.809810178357047e200	-1.3104912362208888e199
659	2.9608923181999087e200	2.180778231047588e200
660	1.690748434723023e200	7.258045708670794e200
661	-6.950588478207296e200	1.3408383297767125e201
662	-2.836146962330046e201	1.1507519530362273e201
663	-5.884666739992252e201	-1.9609504431121733e201
664	-6.484832925572789e201	-1.0768673312714615e202
665	4.1862668707383674e201	-2.5128919181535266e202
666	3.953325376763422e202	-3.3204823611184633e202
667	1.0462497096356937e203	8.88629950349151e200
668	1.6002664081498477e203	1.3911332423412687e203
669	6.340454417910833e202	4.250169177133804e203
670	-4.618699532638811e203	7.383041484847155e203
671	-1.6836282784229734e204	5.294373921051745e203
672	-3.29102667905477e204	-1.400881639997531e204
673	-3.2261969507047955e204	-6.491193663343546e204
674	3.5753885534235167e204	-1.4248587276541286e205
675	2.426782444030787e205	-1.7245867281378045e205
676	6.009525300071401e205	5.379045878805845e204
677	8.550831911417284e205	8.740693174974062e205
678	1.666780627725763e205	2.4724746639622612e206
679	-2.9983753435171966e206	4.0288516962063e206
680	-9.923945681423983e206	2.259798735535474e206
681	-1.826531006175013e207	-9.583835827620885e206
682	-1.552413808111372e207	-3.881372222680628e207
683	2.7182557457700645e207	-8.024028207118816e207
684	1.4752347712007385e208	-8.784116871435403e207
685	3.42944497336712e208	5.88857835553868e207
686	4.508601445515126e208	5.422407163017324e208
687	-1.9244433115306184e207	1.4290452321431143e209
688	-1.9111039203581162e209	2.1764531254326004e209
689	-5.810000106892483e209	8.372312472505173e208
690	-1.0054014672813057e210	-6.359389453609624e209
691	-7.118016241114208e209	-2.3035171641479128e210
692	1.9360714860514727e210	-4.4862886730139757e210
693	8.889593882772821e210	-4.363242076453611e210
694	1.9441252663576223e211	4.9812678410411435e210
695	2.3395885174437198e211	3.327106826913934e211
696	-7.757084937775657e210	8.206538661381829e211
697	-1.199984891811727e212	1.1622985175988862e212
698	-3.379162009955556e212	2.1092751483121763e211
699	-5.484182685889466e212	-4.124001460555704e212
700	-3.020167971220689e212	-1.3574560056035127e213
701	1.3218881052154836e213	-2.4891525208984575e213
702	5.313935534656383e213	-2.0948000079338483e213
703	1.094554664551932e214	3.7687365468705864e213
704	1.1902614910874375e214	2.0217679326866522e214
705	-8.279490727316078e213	4.682180110810826e214
706	-7.440261409382844e214	6.124083512625803e214
707	-1.9526754647463195e215	-3.6007808302967226e213
708	-2.9612228068475698e215	-2.6263873482282328e215
709	-1.1046535816257507e215	-7.945445046208157e215
710	8.75903005088666e215	-1.3696555277860027e216
711	3.152876661303523e216	-9.571114492463553e215
712	6.118033963836047e216	2.6764200443622167e216
713	5.902739908630061e216	1.2178868329053895e217
714	-6.940046164110633e216	2.6536630135450576e217
715	-4.563168683758884e217	3.1749843471944357e217
716	-1.1211107540323412e218	-1.1159792805652145e217
717	-1.580461300584368e218	-1.6480247812451149e218
718	-2.653337697333164e217	-4.620126182781764e218
719	5.674135592581268e218	-7.46799016659479e218
720	1.857519082805747e219	-4.0359200409252524e218
721	3.393432139451196e219	1.8238031520448398e219
722	2.8273165757481545e219	7.277986460524362e219
723	-5.226074328235022e219	1.4936415929408374e220
724	-2.7718030615934254e220	1.6133199559817108e220
725	-6.394936715587861e220	-1.1636354558449367e220
726	-8.32124489509541e220	-1.021270060132061e221
727	6.249759796232536e219	-2.669176860018978e221
728	3.61062348530364e221	-4.0303910162020055e221
729	1.0869818834018493e222	-1.4561756687321587e221
730	1.8665540939473314e222	1.2067906670873117e222
731	1.2870962914474669e222	4.317006796894221e222
732	-3.7007658604668466e222	8.3463249416919e222
733	-1.669128063715477e223	7.987534087851625e222
734	-3.623484268322934e223	-9.669127451106497e222
735	-4.310036572958562e223	-6.26066350095852e223
736	1.602089498185234e223	-1.5321305115757651e224
737	2.2641234982448737e224	-2.1497939198861967e224
738	6.319118769437905e224	-3.3139318107856033e223
739	1.0172948728564962e225	7.809429888483871e224
740	5.3924218484460295e224	2.5427124085615544e225
741	-2.5169836928719932e225	4.627860604298647e225
742	-9.971502145250506e225	3.816729716442877e225
743	-2.0389643305059485e226	-7.248080602130733e225
744	-2.187369683697153e226	-3.8014113332871806e226
745	1.634782917344409e226	-8.737329247565559e226
746	1.4022970252632668e227	-1.1310287108321419e227
747	3.649878231527285e227	1.0361949035333866e226
748	5.48741781133031e227	4.965299565168085e227
749	1.9175920682500844e227	1.4875755273656928e228
750	-1.6631616348171345e228	2.544589711046075e228
751	-5.913021469398879e228	1.7309757532351085e228
752	-1.1390115400537647e229	-5.1182991022943727e228
753	-1.0811255836170639e229	-2.2883421000531583e229
754	1.3471369255719573e229	-4.949449164712864e229
755	8.592494097605824e229	-5.852588170748148e229
756	2.0945592094704746e230	2.2955323502075066e229
757	2.9251441860035587e230	3.1115447046417844e230
758	4.1032094122228925e229	8.645856901096217e230
759	-1.0751500480009297e231	1.3862199706203819e231
760	-3.481839254206631e231	7.203354143107478e230
761	-6.313436575820012e231	-3.474513421760392e231
762	-5.153264646245148e231	-1.3666442840957474e232
763	1.0053840780461408e232	-2.7843143349397994e232
764	5.215189272097325e232	-2.9664558390270774e232
765	1.1941714408442348e233	2.2958417600639325e232
766	1.537758070402201e233	1.9260956581780947e233
767	-1.6658406113364003e232	4.992573257651399e233
768	-6.830305839634949e233	7.473512889193146e233
769	-2.0364782574316156e234	2.5223011101091885e233
770	-3.470037935390765e234	-2.2927438622713775e234
771	-2.3280338112737418e234	-8.101746210673153e234
772	7.080262690872211e234	-1.5548976644368063e235
773	3.1382850674905146e235	-1.463639754958661e235
774	6.762834385522509e235	1.8768655642094514e235
775	7.949388215392854e235	1.179654586943346e236
776	-3.283417165307242e235	2.8643808680091286e236
777	-4.277434671048512e236	3.9813156972935595e236
778	-1.1833142713710433e237	5.0263556416023716e235
779	-1.8895187534489775e237	-1.4806112774129039e237
780	-9.61999595375521e236	-4.7693531800562266e237
781	4.7974602246043465e237	-8.615639772544292e237
782	1.8736471876507892e238	-6.958844626832573e237
783	3.8033308661935764e238	1.3947521594456912e238
784	4.024006935452242e238	7.156982660144882e238
785	-3.22307730940882e238	1.6326461944477493e239
786	-2.6463434697530988e239	2.0913323758565316e239
787	-6.83136573607905e239	-2.6194455997228313e238
788	-1.0181441915547537e240	-9.398500403347233e239
789	-3.3134017718967076e239	-2.788795181801605e240
790	3.161460853244738e240	-4.7334949387005306e240
791	1.110407554902883e241	-3.1310736850071377e240
792	2.1232856482732655e241	9.796169240653855e240
793	1.9818819467473927e241	4.3052285149547995e241
794	-2.6148653129258433e241	9.243452123881822e241
795	-1.6200169312236089e242	1.0800152812311696e242
796	-3.9183423160907774e242	-4.689041020935695e241
797	-5.420344417429097e242	-5.881859061637698e242
798	-6.074724318531638e241	-1.620037317741742e243
799	2.0395200158361265e243	-2.5762988077067353e243
800	6.5349451140321466e243	-1.2843504737866253e243
801	1.176082338633883e244	6.625609124627531e243
802	9.39821973886469e243	2.5695084503247726e244
803	-1.9351432939264116e244	5.196842832580541e244
804	-9.824650605993269e244	5.4597957770978944e244
805	-2.232787553793114e245	-4.5232852587853096e244
806	-2.8449259595507693e245	-3.636953801713625e245
807	4.050889502389542e244	-9.350185491908308e245
808	1.2935808224922502e246	-1.3874391820051143e246
809	3.820165720145237e246	-4.3462990753922753e245
810	6.458823435818553e246	4.360381288999028e246
811	4.211052772378508e246	1.5223464736981044e247
812	-1.3556278021729267e247	2.900284660966733e247
813	-5.907792291675492e247	2.6840978228951892e247
814	-1.263763900709885e248	-3.642992337966516e247
815	-1.4676714098093037e248	-2.2253905262298217e248
816	6.686790976447846e247	-5.361672620506803e248
817	8.090265632868782e248	-7.381433081448127e248
818	2.2185830226077808e249	-7.21481775493828e247
819	3.5136621892691536e249	2.810108654892749e249
820	1.7141136888464782e249	8.956721365993702e249
821	-9.152317088565045e249	1.605865979492783e250
822	-3.5248061377703025e250	1.2693996661145026e250
823	-7.102932107870466e250	-2.6851942582064307e250
824	-7.409402063312782e250	-1.3490394600105797e251
825	6.34598036159584e250	-3.0543985106959774e251
826	4.999721513219375e251	-3.8710116505532173e251
827	1.2801346034588278e252	6.183810917939117e250
828	1.8911751570729347e252	1.7808960485105492e252
829	5.691905602869017e251	5.234433907954582e252
830	-6.015326990125234e252	8.815395595768714e252
831	-2.08768605685027e253	5.663297971640176e252
832	-3.962703771891148e253	-1.8762750276621422e253
833	-3.635697963562495e253	-8.109101957593019e253
834	5.075259556247705e253	-1.7282926046548622e254
835	3.0577948170401083e254	-1.9949099969490995e254
836	7.338678476598265e254	9.523140266399359e253
837	1.0054515509716566e255	1.1130673714113944e255
838	8.370960566053045e253	3.039103636987479e255
839	-3.872757079533676e255	4.793313250354393e255
840	-1.2279320026571838e256	2.2867641225664254e255
841	-2.1932878656357337e256	-1.264507430948269e256
842	-1.7146933487841583e256	-4.836563784337437e256
843	3.7263241605758595e256	-9.710728873068338e256
844	1.8528753755143882e257	-1.00570759453342e257
845	4.1794633345026845e257	8.900439730814406e256
846	5.268376700855541e257	6.874862787580756e257
847	-9.342283354448589e256	1.7531028012761297e258
848	-2.4523782864764803e258	2.5784347049082298e258
849	-7.174189612986393e258	7.440521077124482e257
850	-1.2034849958318673e259	-8.300157314371475e258
851	-7.615836276003724e258	-2.8637243260540898e259
852	2.597283601207911e259	-5.4157055608836696e259
853	1.1133524162657391e260	-4.925366013509577e259
854	2.364187520915525e260	7.070462603066956e259
855	2.7121054817864113e260	4.2026166470743505e260
856	-1.3546216234136264e260	1.0047288904405541e261
857	-1.5317385962806914e261	1.3698778797139173e261
858	-4.164169204375894e261	9.398487988767657e259
859	-6.540597160919125e261	-5.3384310932638804e261
860	-3.0493429359940102e261	-1.6838819588826616e262
861	1.7473966292235123e262	-2.9963365853851896e262
862	6.638181223348516e262	-2.3163338920207078e262
863	1.3279325333013796e263	5.171590217454607e262
864	1.3653225038451376e263	2.5455161946703626e263
865	-1.2479530250577355e263	5.720392958950045e263
866	-9.455546278990314e263	7.171692565994941e263
867	-2.401427763582177e264	-1.3994695995869318e263
868	-3.5162601603306817e264	-3.3778050118042717e264
869	-9.706449710660087e263	-9.835257050224183e264
870	1.1455138405124253e265	-1.643402920816411e265
871	3.929214539888605e265	-1.024055478695685e265
872	7.403294795333168e265	3.59587416726245e265
873	6.673339464002683e265	1.528970669764984e266
874	-9.849760476568792e265	3.234849429249485e266
875	-5.777432480197045e266	3.6878421074443193e266
876	-1.3759023774676417e267	-1.9247420454450664e266
877	-1.86679576231133e267	-2.1083700796571285e267
878	-1.0042769964837681e266	-5.707140395154152e267
879	7.3603407107364755e267	-8.926864514201657e267
880	2.3096990580077354e268	-4.0641603307608243e267
881	4.094382871453507e268	2.4151075536152793e268
882	3.1292055345028496e268	9.113101540184691e268
883	-7.177986889050271e268	1.816370987609513e269
884	-3.497905789133471e269	1.853818670436705e269
885	-7.831341090733327e269	-1.7493015082197434e269
886	-9.764569002895083e269	-1.3007929348350248e270
887	2.0816434790646586e269	-3.2903078590861177e270
888	4.653445600640787e270	-4.796236997868529e270
889	1.34866111382832e271	-1.2633364535822242e270
890	2.244638193153757e271	1.5812345779453824e271
891	1.3768142846659378e271	5.392415801862707e271
892	-4.97906257334055e271	1.0122693959432784e272
893	-2.1002302104605005e272	9.04263506155435e271
894	-4.427191334279539e272	-1.37211540634255e272
895	-5.015504044963579e272	-7.944167102286564e272
896	2.731998827618896e272	-1.8846412007667739e273
897	2.9027046843277595e273	-2.5444879392140465e273
898	7.823674214196743e273	-9.87721466471621e271
899	1.2186387613164403e274	1.015004843452244e274
900	5.41365291623771e273	3.168840029109131e274
901	-3.3385031276917667e274	5.5960791622620756e274
902	-1.2513621937163998e275	4.22743672182803e274
903	-2.485033153766426e275	-9.96352746767988e274
904	-2.5174544487382607e275	-4.807704933049591e275
905	2.4514102903579963e275	-1.0723736421706168e276
906	1.7898787969179422e276	-1.3297362149985274e276
907	4.50923887172918e276	3.077930206559082e275
908	6.543493891916404e276	6.412136402655483e276
909	1.640033106282531e276	1.8497758337763573e277
910	-2.1830796083094388e277	3.066495583537849e277
911	-7.402169782115806e277	1.850808611176639e277
912	-1.384404812761999e278	-6.8951662184099086e277
913	-1.2254264700591878e278	-2.885565255163388e278
914	1.9113567431995087e278	-6.060375189521682e278
915	1.092585245728757e279	-6.822252174897895e278
916	2.5820642993900265e279	3.8741348223577236e278
917	3.4688646887461463e279	3.997126282023462e279
918	8.210240769596043e277	1.0727536628573597e280
919	-1.399972806819739e280	1.663950612816541e280
920	-4.348520120515384e280	7.20674178729153e279
921	-7.650182317211297e280	-4.615653591363746e280
922	-5.711133613247634e280	-1.718678747360202e281
923	1.3830968013143132e281	-3.40058761024746e281
924	6.609371468820421e281	-3.4191059003366056e281
925	1.46876041250519e282	3.434449525466201e281
926	1.8111469153153723e282	2.463362224091824e282
927	-4.527892713614248e281	6.181086517000542e282
928	-8.837192866077876e282	8.929007562213232e282
929	-2.5376383834318003e283	2.1228231616334813e282
930	-4.19012668307548e283	-3.0145038037279434e283
931	-2.4875403465180488e283	-1.0163142727914138e284
932	9.549756912819885e283	-1.8937437673421697e284
933	3.965395248859985e284	-1.6607858456881932e284
934	8.297800407240706e284	2.6624296850215615e284
935	9.281252165671484e284	1.5029729461255716e285
936	-5.488890863807511e284	3.5383276222883223e285
937	-5.505254436030301e285	4.729908587418752e285
938	-1.4712336721098134e286	3.946649555585981e283
939	-2.2724298819126067e286	-1.9312925117775927e286
940	-9.587134745840522e285	-5.968625161696669e286
941	6.382294100320533e286	-1.0460382612236215e287
942	2.3610038468982043e287	-7.715462434930533e286
943	4.654416866647948e287	1.920075688093131e287
944	4.644238619915253e287	9.088049676376585e287
945	-4.810526942261759e287	2.0120837578419324e288
946	-3.3909214478287955e288	2.4672473607091164e288
947	-8.474552158581413e288	-6.631610606735342e287
948	-1.2186427187317325e289	-1.2181621780527216e289
949	-2.738604446982105e288	-3.482012000121539e289
950	4.163236383733809e289	-5.726591366780044e289
951	1.3956801328905046e290	-3.3426376058445103e289
952	2.59099126762163e290	1.322777944131902e290
953	2.250961336612141e290	5.4504113145654914e290
954	-3.7085067774912964e290	1.1363556154358079e291
955	-2.0679096732146573e291	1.2628331732933823e291
956	-4.849726562646997e291	-7.770277789093257e290
957	-6.45047806333418e291	-7.583806257988512e291
958	4.617744857593985e289	-2.018140304210395e292
959	2.66470693700108e292	-3.103992559053525e292
960	8.193971971756322e292	-1.2744137732494171e292
961	1.4305623921147942e293	8.826305456812267e292
962	1.0422896669402268e293	3.2440290703071825e293
963	-2.665679776313978e293	6.371794799816453e293
964	-1.2498710246638499e294	6.309025409253013e293
965	-2.756938885687511e294	-6.736383996915677e293
966	-3.361536815552764e294	-4.668612836739262e294
967	9.675462921056141e293	-1.1621302592093867e295
968	1.679465513092441e295	-1.6635080064116778e295
969	4.77877403859914e295	-3.5195965107082354e294
970	7.827898018386159e295	5.750578305405082e295
971	4.490625726520695e295	1.917028242414852e296
972	-1.8324219985569726e296	3.545627185531896e296
973	-7.492990674461598e296	3.0510165890207117e296
974	-1.5565001706454904e297	-5.165399311397161e296
975	-1.7184671659560997e297	-2.8457222290210975e297
976	1.0991436098017374e297	-6.648452300116202e297
977	1.0448968893514012e298	-8.798333749203004e297
978	2.7688856645126356e298	2.009882727132873e296
979	4.240594474970308e298	3.677223421661417e298
980	1.6926690986498468e298	1.1251176840021148e299
981	-1.2207766817881291e299	1.9567950941786045e299
982	-4.4581516999366416e299	1.407972704382353e299
983	-8.724477102042177e299	-3.7010009562481114e299
984	-8.571380458233693e299	-1.7192528315307083e300
985	9.431129662435987e299	-3.7782456277179417e300
986	6.4288724239821e300	-4.580625704107712e300
987	1.5939511317396381e301	1.4068750381575105e300
988	2.2711431589804916e301	2.3158398808637005e301
989	4.503561602537056e300	6.559707824996686e301
990	-7.944264257307151e301	1.0702124426280982e302
991	-2.6336131189980182e302	6.031293017474453e301
992	-4.852869329918255e302	-2.538663080394818e302
993	-4.1355905227441705e302	-1.0302921318596003e303
994	7.19435830284331e302	-2.1323760345069795e303
995	3.9167892823723133e303	-2.3387716366561288e303
996	9.115995020185594e303	1.5536739290615963e303
997	1.2002568292910974e304	1.4398999816719826e304
998	-4.646842226335564e302	3.7996082515871713e304
999	-5.075235769830736e304	5.794349964221586e304
1000	-1.5451866300034003e305	2.2461529187467167e304